https://files.osf.io/v1/resources/5h7sv/providers/osfstorage/5839be3b6c613b0209294201,IXI002
https://files.osf.io/v1/resources/5h7sv/providers/osfstorage/5839be189ad5a1004b9f613b,IXI012
https://files.osf.io/v1/resources/5h7sv/providers/osfstorage/5839be19594d9000431f6cda,IXI013
https://files.osf.io/v1/resources/5h7sv/providers/osfstorage/5839be196c613b020e2943c2,IXI014
https://files.osf.io/v1/resources/5h7sv/providers/osfstorage/5839be1a594d9000481f6f35,IXI015
https://files.osf.io/v1/resources/5h7sv/providers/osfstorage/5839be3a594d9000421f6cd6,IXI016
https://files.osf.io/v1/resources/5h7sv/providers/osfstorage/5839be2d9ad5a100489f627c,IXI017
https://files.osf.io/v1/resources/5h7sv/providers/osfstorage/5839be2db83f69020e167ffd,IXI019
https://files.osf.io/v1/resources/5h7sv/providers/osfstorage/5839be2b9ad5a100489f627a,IXI020
https://files.osf.io/v1/resources/5h7sv/providers/osfstorage/5839be35594d9000461f6d01,IXI021
https://files.osf.io/v1/resources/5h7sv/providers/osfstorage/5839be376c613b020c29425a,IXI022
https://files.osf.io/v1/resources/5h7sv/providers/osfstorage/5839be4b594d9000451f6d07,IXI023
https://files.osf.io/v1/resources/5h7sv/providers/osfstorage/5839be47594d9000461f6d03,IXI024
https://files.osf.io/v1/resources/5h7sv/providers/osfstorage/5839be3db83f69020e167fff,IXI025
https://files.osf.io/v1/resources/5h7sv/providers/osfstorage/5839bdafb83f69020f167e9d,IXI026
https://files.osf.io/v1/resources/5h7sv/providers/osfstorage/5839bda2594d9000451f6d03,IXI027
https://files.osf.io/v1/resources/5h7sv/providers/osfstorage/5839bda46c613b02092941fe,IXI028
https://files.osf.io/v1/resources/5h7sv/providers/osfstorage/5839bd9a6c613b020f2942b1,IXI029
https://files.osf.io/v1/resources/5h7sv/providers/osfstorage/5839bd966c613b020a294207,IXI030
https://files.osf.io/v1/resources/5h7sv/providers/osfstorage/5839bd8db83f69020e167ff8,IXI031
https://files.osf.io/v1/resources/5h7sv/providers/osfstorage/5839be1a9ad5a100499f61bd,IXI033
https://files.osf.io/v1/resources/5h7sv/providers/osfstorage/5839bdff9ad5a100469f611f,IXI034
https://files.osf.io/v1/resources/5h7sv/providers/osfstorage/5839bd87594d9000431f6cd7,IXI035
https://files.osf.io/v1/resources/5h7sv/providers/osfstorage/5839bd7e6c613b020d294331,IXI036
https://files.osf.io/v1/resources/5h7sv/providers/osfstorage/5839bd6c6c613b020f2942ad,IXI037
https://files.osf.io/v1/resources/5h7sv/providers/osfstorage/5839bd69b83f690210167f06,IXI038
https://files.osf.io/v1/resources/5h7sv/providers/osfstorage/5839bdfe9ad5a1004c9f6192,IXI039
https://files.osf.io/v1/resources/5h7sv/providers/osfstorage/5839bd5ab83f69020a168048,IXI040
https://files.osf.io/v1/resources/5h7sv/providers/osfstorage/5839bd5c9ad5a100459f6317,IXI041
https://files.osf.io/v1/resources/5h7sv/providers/osfstorage/5839bd549ad5a100499f61b9,IXI042
https://files.osf.io/v1/resources/5h7sv/providers/osfstorage/5839bd4f594d9000451f6cff,IXI043
https://files.osf.io/v1/resources/5h7sv/providers/osfstorage/5839bd43594d9000491f6c51,IXI044
https://files.osf.io/v1/resources/5h7sv/providers/osfstorage/5839bd41b83f690209167ec2,IXI045
https://files.osf.io/v1/resources/5h7sv/providers/osfstorage/5839bd379ad5a1004b9f6133,IXI046
https://files.osf.io/v1/resources/5h7sv/providers/osfstorage/5839bdff6c613b020b294357,IXI048
https://files.osf.io/v1/resources/5h7sv/providers/osfstorage/5839bdfe594d9000421f6cd4,IXI049
https://files.osf.io/v1/resources/5h7sv/providers/osfstorage/5839bd2b9ad5a1004a9f607b,IXI050
https://files.osf.io/v1/resources/5h7sv/providers/osfstorage/5839bd286c613b02092941f9,IXI051
https://files.osf.io/v1/resources/5h7sv/providers/osfstorage/5839bdff9ad5a1004c9f6194,IXI052
https://files.osf.io/v1/resources/5h7sv/providers/osfstorage/5839bd1eb83f69020a168046,IXI053
https://files.osf.io/v1/resources/5h7sv/providers/osfstorage/5839bd0c9ad5a100489f6273,IXI054
https://files.osf.io/v1/resources/5h7sv/providers/osfstorage/5839bd026c613b02092941f7,IXI055
https://files.osf.io/v1/resources/5h7sv/providers/osfstorage/5839bcfe594d9000441f6c78,IXI056
https://files.osf.io/v1/resources/5h7sv/providers/osfstorage/5839bce0594d9000491f6c4f,IXI057
https://files.osf.io/v1/resources/5h7sv/providers/osfstorage/5839bcd36c613b020c29424f,IXI058
https://files.osf.io/v1/resources/5h7sv/providers/osfstorage/5839bcbf9ad5a1004c9f618f,IXI059
https://files.osf.io/v1/resources/5h7sv/providers/osfstorage/5839bca5594d9000461f6cfc,IXI060
https://files.osf.io/v1/resources/5h7sv/providers/osfstorage/5839bca26c613b020d294320,IXI061
https://files.osf.io/v1/resources/5h7sv/providers/osfstorage/5839bc91b83f69020f167e95,IXI062
https://files.osf.io/v1/resources/5h7sv/providers/osfstorage/5839bc8d594d9000421f6cce,IXI063
https://files.osf.io/v1/resources/5h7sv/providers/osfstorage/5839bc836c613b0210294268,IXI064
https://files.osf.io/v1/resources/5h7sv/providers/osfstorage/5839bc7b6c613b020b294350,IXI065
https://files.osf.io/v1/resources/5h7sv/providers/osfstorage/5839bc6f6c613b0210294266,IXI066
https://files.osf.io/v1/resources/5h7sv/providers/osfstorage/5839bc6fb83f69020f167e92,IXI067
https://files.osf.io/v1/resources/5h7sv/providers/osfstorage/5839bc599ad5a100459f6314,IXI068
https://files.osf.io/v1/resources/5h7sv/providers/osfstorage/5839bc41594d9000421f6ccb,IXI069
https://files.osf.io/v1/resources/5h7sv/providers/osfstorage/5839bc369ad5a100499f618d,IXI070
https://files.osf.io/v1/resources/5h7sv/providers/osfstorage/5839bc346c613b0210294263,IXI071
https://files.osf.io/v1/resources/5h7sv/providers/osfstorage/5839bc339ad5a1004a9f6078,IXI072
https://files.osf.io/v1/resources/5h7sv/providers/osfstorage/5839bc176c613b020d29431e,IXI073
https://files.osf.io/v1/resources/5h7sv/providers/osfstorage/5839bc0f594d9000471f6c45,IXI074
https://files.osf.io/v1/resources/5h7sv/providers/osfstorage/5839bc039ad5a100489f626a,IXI075
https://files.osf.io/v1/resources/5h7sv/providers/osfstorage/5839bc006c613b020a2941f9,IXI076
https://files.osf.io/v1/resources/5h7sv/providers/osfstorage/5839bbf9b83f69020a16803e,IXI077
https://files.osf.io/v1/resources/5h7sv/providers/osfstorage/5839bbf1b83f69020b167f2b,IXI078
https://files.osf.io/v1/resources/5h7sv/providers/osfstorage/5839bbe7594d9000471f6c43,IXI079
https://files.osf.io/v1/resources/5h7sv/providers/osfstorage/5839bbd4b83f69020f167e90,IXI080
https://files.osf.io/v1/resources/5h7sv/providers/osfstorage/5839bbbc594d9000471f6c41,IXI081
https://files.osf.io/v1/resources/5h7sv/providers/osfstorage/5839bbba6c613b020e2943b2,IXI083
https://files.osf.io/v1/resources/5h7sv/providers/osfstorage/5839bb9cb83f690210167efd,IXI084
https://files.osf.io/v1/resources/5h7sv/providers/osfstorage/5839bb8f9ad5a1004b9f6129,IXI085
https://files.osf.io/v1/resources/5h7sv/providers/osfstorage/5839bb839ad5a1004a9f6071,IXI086
https://files.osf.io/v1/resources/5h7sv/providers/osfstorage/5839bb7f594d9000461f6cf2,IXI087
https://files.osf.io/v1/resources/5h7sv/providers/osfstorage/5839bb71b83f69020e167fe5,IXI088
https://files.osf.io/v1/resources/5h7sv/providers/osfstorage/5839bb6a6c613b020f2942a1,IXI089
https://files.osf.io/v1/resources/5h7sv/providers/osfstorage/5839bb63594d9000421f6cc4,IXI090
https://files.osf.io/v1/resources/5h7sv/providers/osfstorage/5839bb646c613b020f29429f,IXI091
https://files.osf.io/v1/resources/5h7sv/providers/osfstorage/5839bb5a594d9000431f6cd0,IXI092
https://files.osf.io/v1/resources/5h7sv/providers/osfstorage/5839bb4a9ad5a100469f6113,IXI093
https://files.osf.io/v1/resources/5h7sv/providers/osfstorage/5839bb44b83f69020a168036,IXI094
https://files.osf.io/v1/resources/5h7sv/providers/osfstorage/5839bb3bb83f690209167eb3,IXI095
https://files.osf.io/v1/resources/5h7sv/providers/osfstorage/5839bb2a594d9000431f6cce,IXI096
https://files.osf.io/v1/resources/5h7sv/providers/osfstorage/5839bb21594d9000461f6ced,IXI097
https://files.osf.io/v1/resources/5h7sv/providers/osfstorage/5839bb0f6c613b020e2943a8,IXI098
https://files.osf.io/v1/resources/5h7sv/providers/osfstorage/5839bb0a6c613b020c294241,IXI099
https://files.osf.io/v1/resources/5h7sv/providers/osfstorage/5839bb06594d9000481f6f13,IXI100
https://files.osf.io/v1/resources/5h7sv/providers/osfstorage/5839bb119ad5a100469f610f,IXI101
https://files.osf.io/v1/resources/5h7sv/providers/osfstorage/5839baf79ad5a100469f610d,IXI102
https://files.osf.io/v1/resources/5h7sv/providers/osfstorage/5839bae0b83f69020f167e8b,IXI103
https://files.osf.io/v1/resources/5h7sv/providers/osfstorage/5839baef6c613b020d294314,IXI104
https://files.osf.io/v1/resources/5h7sv/providers/osfstorage/5839bacc6c613b0210294254,IXI105
https://files.osf.io/v1/resources/5h7sv/providers/osfstorage/5839bace594d9000441f6c68,IXI106
https://files.osf.io/v1/resources/5h7sv/providers/osfstorage/5839bab9b83f690210167ef9,IXI107
https://files.osf.io/v1/resources/5h7sv/providers/osfstorage/5839bab46c613b020b294343,IXI108
https://files.osf.io/v1/resources/5h7sv/providers/osfstorage/5839bab3594d9000471f6c3d,IXI109
https://files.osf.io/v1/resources/5h7sv/providers/osfstorage/5839baaa6c613b02092941e6,IXI110
https://files.osf.io/v1/resources/5h7sv/providers/osfstorage/5839ba9eb83f69020c167ff0,IXI111
https://files.osf.io/v1/resources/5h7sv/providers/osfstorage/5839ba9b9ad5a1004c9f6182,IXI112
https://files.osf.io/v1/resources/5h7sv/providers/osfstorage/5839ba9b9ad5a1004a9f6069,IXI113
https://files.osf.io/v1/resources/5h7sv/providers/osfstorage/5839ba92b83f69020c167fee,IXI114
https://files.osf.io/v1/resources/5h7sv/providers/osfstorage/5839ba8b594d9000431f6ccc,IXI115
https://files.osf.io/v1/resources/5h7sv/providers/osfstorage/5839ba9a594d9000441f6c65,IXI116
https://files.osf.io/v1/resources/5h7sv/providers/osfstorage/5839ba7d6c613b020e2943a3,IXI117
https://files.osf.io/v1/resources/5h7sv/providers/osfstorage/5839ba7cb83f69020f167e87,IXI118
https://files.osf.io/v1/resources/5h7sv/providers/osfstorage/5839ba75b83f69020e167fdf,IXI119
https://files.osf.io/v1/resources/5h7sv/providers/osfstorage/5839ba766c613b020d29430f,IXI120
https://files.osf.io/v1/resources/5h7sv/providers/osfstorage/5839ba6db83f69020f167e85,IXI121
https://files.osf.io/v1/resources/5h7sv/providers/osfstorage/5839ba696c613b02092941e4,IXI122
https://files.osf.io/v1/resources/5h7sv/providers/osfstorage/5839ba689ad5a100499f6182,IXI123
https://files.osf.io/v1/resources/5h7sv/providers/osfstorage/5839ba629ad5a1004b9f6126,IXI126
https://files.osf.io/v1/resources/5h7sv/providers/osfstorage/5839ba56b83f69020e167fdd,IXI127
https://files.osf.io/v1/resources/5h7sv/providers/osfstorage/5839ba55594d9000421f6cbf,IXI128
https://files.osf.io/v1/resources/5h7sv/providers/osfstorage/5839ba4d9ad5a1004c9f617a,IXI129
https://files.osf.io/v1/resources/5h7sv/providers/osfstorage/5839ba4db83f69020a16802e,IXI130
https://files.osf.io/v1/resources/5h7sv/providers/osfstorage/5839ba44594d9000491f6c43,IXI131
https://files.osf.io/v1/resources/5h7sv/providers/osfstorage/5839ba40b83f690210167ef4,IXI132
https://files.osf.io/v1/resources/5h7sv/providers/osfstorage/5839ba339ad5a100479f60df,IXI134
https://files.osf.io/v1/resources/5h7sv/providers/osfstorage/5839ba2b9ad5a100479f60dd,IXI135
https://files.osf.io/v1/resources/5h7sv/providers/osfstorage/5839ba276c613b021029424e,IXI136
https://files.osf.io/v1/resources/5h7sv/providers/osfstorage/5839ba229ad5a100489f625d,IXI137
https://files.osf.io/v1/resources/5h7sv/providers/osfstorage/5839ba139ad5a1004c9f6178,IXI138
https://files.osf.io/v1/resources/5h7sv/providers/osfstorage/5839ba0f6c613b020a2941ec,IXI139
https://files.osf.io/v1/resources/5h7sv/providers/osfstorage/5839ba0a6c613b020d29430d,IXI140
https://files.osf.io/v1/resources/5h7sv/providers/osfstorage/5839ba049ad5a100459f6302,IXI141
https://files.osf.io/v1/resources/5h7sv/providers/osfstorage/5839ba016c613b020b29433d,IXI142
https://files.osf.io/v1/resources/5h7sv/providers/osfstorage/5839b9fcb83f69020c167fec,IXI143
https://files.osf.io/v1/resources/5h7sv/providers/osfstorage/5839b9fa9ad5a1004b9f6121,IXI144
https://files.osf.io/v1/resources/5h7sv/providers/osfstorage/5839b9f86c613b021029424b,IXI145
https://files.osf.io/v1/resources/5h7sv/providers/osfstorage/5839b9ef6c613b020b29433b,IXI146
https://files.osf.io/v1/resources/5h7sv/providers/osfstorage/5839b9e96c613b020b294339,IXI148
https://files.osf.io/v1/resources/5h7sv/providers/osfstorage/5839b9e66c613b020e29439c,IXI150
https://files.osf.io/v1/resources/5h7sv/providers/osfstorage/5839b9ea6c613b020e29439e,IXI151
https://files.osf.io/v1/resources/5h7sv/providers/osfstorage/5839b9e1b83f69020c167fea,IXI153
https://files.osf.io/v1/resources/5h7sv/providers/osfstorage/5839b9e06c613b020e29439a,IXI154
https://files.osf.io/v1/resources/5h7sv/providers/osfstorage/5839b9d89ad5a100459f62fe,IXI156
https://files.osf.io/v1/resources/5h7sv/providers/osfstorage/5839b9dbb83f69020a16802a,IXI157
https://files.osf.io/v1/resources/5h7sv/providers/osfstorage/5839b9d6594d9000431f6cc7,IXI158
https://files.osf.io/v1/resources/5h7sv/providers/osfstorage/5839b9d0594d9000451f6ce7,IXI159
https://files.osf.io/v1/resources/5h7sv/providers/osfstorage/5839b9d0b83f69020d167f01,IXI160
https://files.osf.io/v1/resources/5h7sv/providers/osfstorage/5839b9c2594d9000441f6c5e,IXI161
https://files.osf.io/v1/resources/5h7sv/providers/osfstorage/5839b9bf9ad5a1004c9f6174,IXI162
https://files.osf.io/v1/resources/5h7sv/providers/osfstorage/5839b9c1594d9000441f6c5c,IXI163
https://files.osf.io/v1/resources/5h7sv/providers/osfstorage/5839b9c36c613b020e294398,IXI164
https://files.osf.io/v1/resources/5h7sv/providers/osfstorage/5839b9c16c613b020a2941ea,IXI165
https://files.osf.io/v1/resources/5h7sv/providers/osfstorage/5839b9b0594d9000481f6f0b,IXI166
https://files.osf.io/v1/resources/5h7sv/providers/osfstorage/5839b9adb83f690209167ea9,IXI167
https://files.osf.io/v1/resources/5h7sv/providers/osfstorage/5839b9aa594d9000481f6f09,IXI168
https://files.osf.io/v1/resources/5h7sv/providers/osfstorage/5839b9a79ad5a100489f625a,IXI169
https://files.osf.io/v1/resources/5h7sv/providers/osfstorage/5839b9aab83f69020a168028,IXI170
https://files.osf.io/v1/resources/5h7sv/providers/osfstorage/5839b9a26c613b020c29423d,IXI172
https://files.osf.io/v1/resources/5h7sv/providers/osfstorage/5839b99a6c613b0210294249,IXI173
https://files.osf.io/v1/resources/5h7sv/providers/osfstorage/5839b9976c613b020a2941e8,IXI174
https://files.osf.io/v1/resources/5h7sv/providers/osfstorage/5839b997594d9000461f6ce3,IXI175
https://files.osf.io/v1/resources/5h7sv/providers/osfstorage/5839b99d9ad5a100499f6178,IXI176
https://files.osf.io/v1/resources/5h7sv/providers/osfstorage/5839b995b83f690210167ef0,IXI177
https://files.osf.io/v1/resources/5h7sv/providers/osfstorage/5839b98d594d9000451f6ce5,IXI178
https://files.osf.io/v1/resources/5h7sv/providers/osfstorage/5839b9846c613b020f294297,IXI179
https://files.osf.io/v1/resources/5h7sv/providers/osfstorage/5839b983b83f690209167ea7,IXI180
https://files.osf.io/v1/resources/5h7sv/providers/osfstorage/5839b9836c613b020b294333,IXI181
https://files.osf.io/v1/resources/5h7sv/providers/osfstorage/5839b9816c613b020d294309,IXI182
https://files.osf.io/v1/resources/5h7sv/providers/osfstorage/5839b984b83f69020d167eff,IXI183
https://files.osf.io/v1/resources/5h7sv/providers/osfstorage/5839b9759ad5a1004a9f6064,IXI184
https://files.osf.io/v1/resources/5h7sv/providers/osfstorage/5839b976b83f69020b167f20,IXI185
https://files.osf.io/v1/resources/5h7sv/providers/osfstorage/5839b9709ad5a100499f6176,IXI186
https://files.osf.io/v1/resources/5h7sv/providers/osfstorage/5839b9706c613b020a2941e6,IXI188
https://files.osf.io/v1/resources/5h7sv/providers/osfstorage/5839b96e6c613b0210294247,IXI189
https://files.osf.io/v1/resources/5h7sv/providers/osfstorage/5839b9699ad5a1004b9f611a,IXI191
https://files.osf.io/v1/resources/5h7sv/providers/osfstorage/5839b964594d9000451f6ce3,IXI192
https://files.osf.io/v1/resources/5h7sv/providers/osfstorage/5839b95eb83f69020c167fe6,IXI193
https://files.osf.io/v1/resources/5h7sv/providers/osfstorage/5839b95ab83f69020a168025,IXI194
https://files.osf.io/v1/resources/5h7sv/providers/osfstorage/5839b955b83f69020a168023,IXI195
https://files.osf.io/v1/resources/5h7sv/providers/osfstorage/5839b9559ad5a100469f6106,IXI196
https://files.osf.io/v1/resources/5h7sv/providers/osfstorage/5839b952594d9000481f6f05,IXI197
https://files.osf.io/v1/resources/5h7sv/providers/osfstorage/5839b94d594d9000461f6ce1,IXI198
https://files.osf.io/v1/resources/5h7sv/providers/osfstorage/5839b947b83f69020b167f1c,IXI199
https://files.osf.io/v1/resources/5h7sv/providers/osfstorage/5839b969b83f69020c167fe8,IXI200
https://files.osf.io/v1/resources/5h7sv/providers/osfstorage/5839b947b83f69020a168021,IXI201
https://files.osf.io/v1/resources/5h7sv/providers/osfstorage/5839b941594d9000491f6c3e,IXI202
https://files.osf.io/v1/resources/5h7sv/providers/osfstorage/5839b9459ad5a100489f6256,IXI204
https://files.osf.io/v1/resources/5h7sv/providers/osfstorage/5839b938b83f69020d167efd,IXI205
https://files.osf.io/v1/resources/5h7sv/providers/osfstorage/5839b933b83f69020e167fd4,IXI206
https://files.osf.io/v1/resources/5h7sv/providers/osfstorage/5839b934594d9000421f6cba,IXI207
https://files.osf.io/v1/resources/5h7sv/providers/osfstorage/5839b92db83f69020b167f1a,IXI208
https://files.osf.io/v1/resources/5h7sv/providers/osfstorage/5839b92e594d9000431f6cc5,IXI209
https://files.osf.io/v1/resources/5h7sv/providers/osfstorage/5839b92a6c613b020a2941e3,IXI210
https://files.osf.io/v1/resources/5h7sv/providers/osfstorage/5839b923b83f69020f167e81,IXI211
https://files.osf.io/v1/resources/5h7sv/providers/osfstorage/5839b924594d9000421f6cb8,IXI212
https://files.osf.io/v1/resources/5h7sv/providers/osfstorage/5839b91db83f69020e167fd2,IXI213
https://files.osf.io/v1/resources/5h7sv/providers/osfstorage/5839b9199ad5a1004c9f6171,IXI214
https://files.osf.io/v1/resources/5h7sv/providers/osfstorage/5839b916b83f69020a16801e,IXI216
https://files.osf.io/v1/resources/5h7sv/providers/osfstorage/5839b9149ad5a100489f6252,IXI217
https://files.osf.io/v1/resources/5h7sv/providers/osfstorage/5839b9109ad5a100499f6174,IXI218
https://files.osf.io/v1/resources/5h7sv/providers/osfstorage/5839b90cb83f69020e167fd0,IXI219
https://files.osf.io/v1/resources/5h7sv/providers/osfstorage/5839b90c9ad5a1004a9f6061,IXI221
https://files.osf.io/v1/resources/5h7sv/providers/osfstorage/5839b9046c613b021029423f,IXI222
https://files.osf.io/v1/resources/5h7sv/providers/osfstorage/5839b903594d9000421f6cb5,IXI223
https://files.osf.io/v1/resources/5h7sv/providers/osfstorage/5839b8fd594d9000481f6ef9,IXI224
https://files.osf.io/v1/resources/5h7sv/providers/osfstorage/5839b8fd9ad5a1004a9f605f,IXI225
https://files.osf.io/v1/resources/5h7sv/providers/osfstorage/5839b8fbb83f69020e167fce,IXI226
https://files.osf.io/v1/resources/5h7sv/providers/osfstorage/5839b8f6b83f69020e167fcc,IXI227
https://files.osf.io/v1/resources/5h7sv/providers/osfstorage/5839b8fa6c613b020e294392,IXI228
https://files.osf.io/v1/resources/5h7sv/providers/osfstorage/5839b8f36c613b020c29423a,IXI229
https://files.osf.io/v1/resources/5h7sv/providers/osfstorage/5839bdb89ad5a100479f60f4,IXI230
https://files.osf.io/v1/resources/5h7sv/providers/osfstorage/5839bdad6c613b020d294336,IXI231
https://files.osf.io/v1/resources/5h7sv/providers/osfstorage/5839bd9d9ad5a100459f6319,IXI232
https://files.osf.io/v1/resources/5h7sv/providers/osfstorage/5839bd8c6c613b020d294333,IXI233
https://files.osf.io/v1/resources/5h7sv/providers/osfstorage/5839bd869ad5a1004b9f6135,IXI234
https://files.osf.io/v1/resources/5h7sv/providers/osfstorage/5839bd716c613b020d29432f,IXI236
https://files.osf.io/v1/resources/5h7sv/providers/osfstorage/5839bd696c613b02092941fb,IXI237
https://files.osf.io/v1/resources/5h7sv/providers/osfstorage/5839bd639ad5a100479f60f1,IXI238
https://files.osf.io/v1/resources/5h7sv/providers/osfstorage/5839bd54594d9000491f6c55,IXI239
https://files.osf.io/v1/resources/5h7sv/providers/osfstorage/5839bd3f6c613b020e2943bc,IXI240
https://files.osf.io/v1/resources/5h7sv/providers/osfstorage/5839bd31594d9000461f6cfe,IXI241
https://files.osf.io/v1/resources/5h7sv/providers/osfstorage/5839bd41594d9000451f6cfd,IXI242
https://files.osf.io/v1/resources/5h7sv/providers/osfstorage/5839bd2eb83f69020e167ff2,IXI244
https://files.osf.io/v1/resources/5h7sv/providers/osfstorage/5839bd126c613b021029426d,IXI246
https://files.osf.io/v1/resources/5h7sv/providers/osfstorage/5839bd18594d9000451f6cfb,IXI247
https://files.osf.io/v1/resources/5h7sv/providers/osfstorage/5839bd066c613b020e2943b9,IXI248
https://files.osf.io/v1/resources/5h7sv/providers/osfstorage/5839bcfeb83f69020f167e98,IXI249
https://files.osf.io/v1/resources/5h7sv/providers/osfstorage/5839bcfa6c613b020b294355,IXI250
https://files.osf.io/v1/resources/5h7sv/providers/osfstorage/5839bcf06c613b021029426b,IXI251
https://files.osf.io/v1/resources/5h7sv/providers/osfstorage/5839bcec9ad5a100489f6271,IXI252
https://files.osf.io/v1/resources/5h7sv/providers/osfstorage/5839bce1594d9000481f6f28,IXI253
https://files.osf.io/v1/resources/5h7sv/providers/osfstorage/5839bcd7594d9000441f6c76,IXI254
https://files.osf.io/v1/resources/5h7sv/providers/osfstorage/5839bcd16c613b020a294202,IXI255
https://files.osf.io/v1/resources/5h7sv/providers/osfstorage/5839bcc76c613b020b294352,IXI256
https://files.osf.io/v1/resources/5h7sv/providers/osfstorage/5839bcbfb83f69020e167fea,IXI257
https://files.osf.io/v1/resources/5h7sv/providers/osfstorage/5839bcb8594d9000481f6f26,IXI258
https://files.osf.io/v1/resources/5h7sv/providers/osfstorage/5839bca7b83f690210167f02,IXI259
https://files.osf.io/v1/resources/5h7sv/providers/osfstorage/5839bca59ad5a100469f611a,IXI260
https://files.osf.io/v1/resources/5h7sv/providers/osfstorage/5839bc966c613b020f2942a5,IXI261
https://files.osf.io/v1/resources/5h7sv/providers/osfstorage/5839bc7fb83f690209167ebf,IXI262
https://files.osf.io/v1/resources/5h7sv/providers/osfstorage/5839bc779ad5a1004b9f612f,IXI263
https://files.osf.io/v1/resources/5h7sv/providers/osfstorage/5839bc676c613b020b29434e,IXI264
https://files.osf.io/v1/resources/5h7sv/providers/osfstorage/5839bc559ad5a1004c9f618c,IXI265
https://files.osf.io/v1/resources/5h7sv/providers/osfstorage/5839bc4c594d9000461f6cf8,IXI266
https://files.osf.io/v1/resources/5h7sv/providers/osfstorage/5839bc316c613b020c294249,IXI267
https://files.osf.io/v1/resources/5h7sv/providers/osfstorage/5839bc27594d9000451f6cf4,IXI268
https://files.osf.io/v1/resources/5h7sv/providers/osfstorage/5839bc1fb83f69020a168042,IXI269
https://files.osf.io/v1/resources/5h7sv/providers/osfstorage/5839bc1c6c613b021029425e,IXI270
https://files.osf.io/v1/resources/5h7sv/providers/osfstorage/5839bc14594d9000441f6c73,IXI274
https://files.osf.io/v1/resources/5h7sv/providers/osfstorage/5839bc096c613b021029425c,IXI275
https://files.osf.io/v1/resources/5h7sv/providers/osfstorage/5839bc09b83f69020a168040,IXI276
https://files.osf.io/v1/resources/5h7sv/providers/osfstorage/5839bbf29ad5a1004b9f612d,IXI277
https://files.osf.io/v1/resources/5h7sv/providers/osfstorage/5839bbe4b83f69020d167f09,IXI278
https://files.osf.io/v1/resources/5h7sv/providers/osfstorage/5839bbef6c613b02092941f1,IXI279
https://files.osf.io/v1/resources/5h7sv/providers/osfstorage/5839bbcfb83f69020b167f29,IXI280
https://files.osf.io/v1/resources/5h7sv/providers/osfstorage/5839bbd4b83f69020c167ffc,IXI282
https://files.osf.io/v1/resources/5h7sv/providers/osfstorage/5839bbbab83f69020c167ff9,IXI284
https://files.osf.io/v1/resources/5h7sv/providers/osfstorage/5839bbaf6c613b020d294318,IXI285
https://files.osf.io/v1/resources/5h7sv/providers/osfstorage/5839bba99ad5a100459f6311,IXI286
https://files.osf.io/v1/resources/5h7sv/providers/osfstorage/5839bb9d6c613b0210294256,IXI287
https://files.osf.io/v1/resources/5h7sv/providers/osfstorage/5839bb92b83f69020a168039,IXI288
https://files.osf.io/v1/resources/5h7sv/providers/osfstorage/5839bb886c613b020a2941f3,IXI289
https://files.osf.io/v1/resources/5h7sv/providers/osfstorage/5839bb819ad5a100479f60e5,IXI290
https://files.osf.io/v1/resources/5h7sv/providers/osfstorage/5839bb6e594d9000451f6cf0,IXI291
https://files.osf.io/v1/resources/5h7sv/providers/osfstorage/5839bb519ad5a100499f6189,IXI292
https://files.osf.io/v1/resources/5h7sv/providers/osfstorage/5839bb49b83f69020d167f06,IXI293
https://files.osf.io/v1/resources/5h7sv/providers/osfstorage/5839bb34b83f69020c167ff3,IXI294
https://files.osf.io/v1/resources/5h7sv/providers/osfstorage/5839bb246c613b020e2943ad,IXI295
https://files.osf.io/v1/resources/5h7sv/providers/osfstorage/5839bb1c6c613b020a2941ef,IXI296
https://files.osf.io/v1/resources/5h7sv/providers/osfstorage/5839bb20594d9000471f6c3f,IXI297
https://files.osf.io/v1/resources/5h7sv/providers/osfstorage/5839bb0a9ad5a1004a9f606d,IXI298
https://files.osf.io/v1/resources/5h7sv/providers/osfstorage/5839bb0fb83f69020e167fe1,IXI299
https://files.osf.io/v1/resources/5h7sv/providers/osfstorage/5839baf76c613b02092941ec,IXI300
https://files.osf.io/v1/resources/5h7sv/providers/osfstorage/5839bae7594d9000451f6cec,IXI302
https://files.osf.io/v1/resources/5h7sv/providers/osfstorage/5839bae69ad5a100479f60e1,IXI303
https://files.osf.io/v1/resources/5h7sv/providers/osfstorage/5839bacf6c613b02092941ea,IXI304
https://files.osf.io/v1/resources/5h7sv/providers/osfstorage/5839baccb83f690209167eae,IXI305
https://files.osf.io/v1/resources/5h7sv/providers/osfstorage/5839bab66c613b02092941e8,IXI306
https://files.osf.io/v1/resources/5h7sv/providers/osfstorage/5839baa36c613b020c29423f,IXI307
https://files.osf.io/v1/resources/5h7sv/providers/osfstorage/5839ba92594d9000491f6c45,IXI308
https://files.osf.io/v1/resources/5h7sv/providers/osfstorage/5839ba8b6c613b0210294251,IXI309
https://files.osf.io/v1/resources/5h7sv/providers/osfstorage/5839ba82b83f69020f167e89,IXI310
https://files.osf.io/v1/resources/5h7sv/providers/osfstorage/5839ba83594d9000441f6c63,IXI311
https://files.osf.io/v1/resources/5h7sv/providers/osfstorage/5839ba6e594d9000471f6c3a,IXI312
https://files.osf.io/v1/resources/5h7sv/providers/osfstorage/5839ba669ad5a1004c9f617e,IXI313
https://files.osf.io/v1/resources/5h7sv/providers/osfstorage/5839ba5d9ad5a100499f6180,IXI314
https://files.osf.io/v1/resources/5h7sv/providers/osfstorage/5839ba559ad5a1004c9f617c,IXI315
https://files.osf.io/v1/resources/5h7sv/providers/osfstorage/5839ba46594d9000461f6ce8,IXI316
https://files.osf.io/v1/resources/5h7sv/providers/osfstorage/5839ba439ad5a100459f6306,IXI317
https://files.osf.io/v1/resources/5h7sv/providers/osfstorage/5839ba3c594d9000471f6c38,IXI318
https://files.osf.io/v1/resources/5h7sv/providers/osfstorage/5839ba366c613b020b294340,IXI319
https://files.osf.io/v1/resources/5h7sv/providers/osfstorage/5839ba39594d9000481f6f10,IXI320
https://files.osf.io/v1/resources/5h7sv/providers/osfstorage/5839ba30b83f69020e167fdb,IXI321
https://files.osf.io/v1/resources/5h7sv/providers/osfstorage/5839ba269ad5a1004a9f6066,IXI322
https://files.osf.io/v1/resources/5h7sv/providers/osfstorage/5839ba25594d9000431f6cc9,IXI324
https://files.osf.io/v1/resources/5h7sv/providers/osfstorage/5839ba17594d9000481f6f0e,IXI325
https://files.osf.io/v1/resources/5h7sv/providers/osfstorage/5839ba0b9ad5a100499f617d,IXI326
https://files.osf.io/v1/resources/5h7sv/providers/osfstorage/5839ba0d9ad5a100479f60db,IXI327
https://files.osf.io/v1/resources/5h7sv/providers/osfstorage/5839b9fd594d9000461f6ce5,IXI328
https://files.osf.io/v1/resources/5h7sv/providers/osfstorage/5839b9f39ad5a1004b9f611f,IXI329
https://files.osf.io/v1/resources/5h7sv/providers/osfstorage/5839b9eb9ad5a100499f617b,IXI330
https://files.osf.io/v1/resources/5h7sv/providers/osfstorage/5839b5ff594d9000471f6c1d,IXI331
https://files.osf.io/v1/resources/5h7sv/providers/osfstorage/5839b8e8594d9000421f6cb3,IXI332
https://files.osf.io/v1/resources/5h7sv/providers/osfstorage/5839b8e09ad5a100499f6170,IXI333
https://files.osf.io/v1/resources/5h7sv/providers/osfstorage/5839b8dc9ad5a100459f62f7,IXI334
https://files.osf.io/v1/resources/5h7sv/providers/osfstorage/5839b8da6c613b020e29438f,IXI335
https://files.osf.io/v1/resources/5h7sv/providers/osfstorage/5839b8d39ad5a100499f616e,IXI336
https://files.osf.io/v1/resources/5h7sv/providers/osfstorage/5839b8c89ad5a1004c9f616d,IXI337
https://files.osf.io/v1/resources/5h7sv/providers/osfstorage/5839b8c19ad5a100469f6104,IXI338
https://files.osf.io/v1/resources/5h7sv/providers/osfstorage/5839b8c59ad5a1004c9f616b,IXI340
https://files.osf.io/v1/resources/5h7sv/providers/osfstorage/5839b8b7594d9000421f6cb1,IXI341
https://files.osf.io/v1/resources/5h7sv/providers/osfstorage/5839b8b0594d9000451f6cde,IXI342
https://files.osf.io/v1/resources/5h7sv/providers/osfstorage/5839b8a7594d9000471f6c34,IXI344
https://files.osf.io/v1/resources/5h7sv/providers/osfstorage/5839b8a6594d9000431f6cc2,IXI345
https://files.osf.io/v1/resources/5h7sv/providers/osfstorage/5839b8a0b83f69020d167ef9,IXI347
https://files.osf.io/v1/resources/5h7sv/providers/osfstorage/5839b88b6c613b020e29438b,IXI348
https://files.osf.io/v1/resources/5h7sv/providers/osfstorage/5839b88e9ad5a100469f6101,IXI350
https://files.osf.io/v1/resources/5h7sv/providers/osfstorage/5839b87f9ad5a100489f624b,IXI351
https://files.osf.io/v1/resources/5h7sv/providers/osfstorage/5839b87a6c613b020c294237,IXI353
https://files.osf.io/v1/resources/5h7sv/providers/osfstorage/5839b878b83f69020e167fc8,IXI354
https://files.osf.io/v1/resources/5h7sv/providers/osfstorage/5839b872594d9000451f6cda,IXI356
https://files.osf.io/v1/resources/5h7sv/providers/osfstorage/5839b86bb83f69020a168018,IXI357
https://files.osf.io/v1/resources/5h7sv/providers/osfstorage/5839b86a594d9000481f6ef5,IXI358
https://files.osf.io/v1/resources/5h7sv/providers/osfstorage/5839b8639ad5a100459f62ef,IXI359
https://files.osf.io/v1/resources/5h7sv/providers/osfstorage/5839b85cb83f690209167e9d,IXI360
https://files.osf.io/v1/resources/5h7sv/providers/osfstorage/5839b858594d9000461f6cd7,IXI361
https://files.osf.io/v1/resources/5h7sv/providers/osfstorage/5839b855b83f69020e167fc6,IXI362
https://files.osf.io/v1/resources/5h7sv/providers/osfstorage/5839b84e6c613b020a2941de,IXI363
https://files.osf.io/v1/resources/5h7sv/providers/osfstorage/5839b84bb83f69020c167fdf,IXI364
https://files.osf.io/v1/resources/5h7sv/providers/osfstorage/5839b840594d9000471f6c32,IXI365
https://files.osf.io/v1/resources/5h7sv/providers/osfstorage/5839b83ab83f690210167eea,IXI367
https://files.osf.io/v1/resources/5h7sv/providers/osfstorage/5839b83c9ad5a100499f616c,IXI368
https://files.osf.io/v1/resources/5h7sv/providers/osfstorage/5839b83d9ad5a100489f6249,IXI369
https://files.osf.io/v1/resources/5h7sv/providers/osfstorage/5839b8379ad5a1004c9f6168,IXI370
https://files.osf.io/v1/resources/5h7sv/providers/osfstorage/5839b6026c613b0210294230,IXI371
https://files.osf.io/v1/resources/5h7sv/providers/osfstorage/5839b807b83f69020b167f16,IXI372
https://files.osf.io/v1/resources/5h7sv/providers/osfstorage/5839b802b83f69020b167f14,IXI373
https://files.osf.io/v1/resources/5h7sv/providers/osfstorage/5839b7fbb83f69020d167ef7,IXI375
https://files.osf.io/v1/resources/5h7sv/providers/osfstorage/5839b7ef9ad5a1004b9f6111,IXI376
https://files.osf.io/v1/resources/5h7sv/providers/osfstorage/5839b7e9b83f69020c167fdb,IXI377
https://files.osf.io/v1/resources/5h7sv/providers/osfstorage/5839b6046c613b020c294229,IXI378
https://files.osf.io/v1/resources/5h7sv/providers/osfstorage/5839b7c99ad5a100489f623f,IXI379
https://files.osf.io/v1/resources/5h7sv/providers/osfstorage/5839b7c29ad5a1004c9f6164,IXI380
https://files.osf.io/v1/resources/5h7sv/providers/osfstorage/5839b7b9594d9000451f6cd0,IXI381
https://files.osf.io/v1/resources/5h7sv/providers/osfstorage/5839b7b8b83f69020d167ef2,IXI382
https://files.osf.io/v1/resources/5h7sv/providers/osfstorage/5839b7afb83f69020e167fc4,IXI383
https://files.osf.io/v1/resources/5h7sv/providers/osfstorage/5839b7a89ad5a100499f6166,IXI384
https://files.osf.io/v1/resources/5h7sv/providers/osfstorage/5839b79b594d9000461f6cd3,IXI385
https://files.osf.io/v1/resources/5h7sv/providers/osfstorage/5839b799b83f690210167ee4,IXI386
https://files.osf.io/v1/resources/5h7sv/providers/osfstorage/5839b79bb83f69020c167fd8,IXI387
https://files.osf.io/v1/resources/5h7sv/providers/osfstorage/5839b615b83f69020b167f09,IXI388
https://files.osf.io/v1/resources/5h7sv/providers/osfstorage/5839b791b83f69020d167eee,IXI389
https://files.osf.io/v1/resources/5h7sv/providers/osfstorage/5839b78a6c613b020f29428e,IXI390
https://files.osf.io/v1/resources/5h7sv/providers/osfstorage/5839b7849ad5a1004c9f6162,IXI391
https://files.osf.io/v1/resources/5h7sv/providers/osfstorage/5839b78a594d9000491f6c35,IXI392
https://files.osf.io/v1/resources/5h7sv/providers/osfstorage/5839b788b83f69020d167eec,IXI393
https://files.osf.io/v1/resources/5h7sv/providers/osfstorage/5839b77d594d9000471f6c2e,IXI394
https://files.osf.io/v1/resources/5h7sv/providers/osfstorage/5839b7816c613b020e294383,IXI395
https://files.osf.io/v1/resources/5h7sv/providers/osfstorage/5839b776b83f69020c167fd6,IXI396
https://files.osf.io/v1/resources/5h7sv/providers/osfstorage/5839b773b83f69020c167fd4,IXI397
https://files.osf.io/v1/resources/5h7sv/providers/osfstorage/5839b7769ad5a1004a9f6059,IXI398
https://files.osf.io/v1/resources/5h7sv/providers/osfstorage/5839b76e6c613b020b29432d,IXI399
https://files.osf.io/v1/resources/5h7sv/providers/osfstorage/5839b76e594d9000471f6c2c,IXI400
https://files.osf.io/v1/resources/5h7sv/providers/osfstorage/5839b767b83f69020c167fd2,IXI401
https://files.osf.io/v1/resources/5h7sv/providers/osfstorage/5839b7666c613b020e294381,IXI402
https://files.osf.io/v1/resources/5h7sv/providers/osfstorage/5839b7619ad5a1004a9f6057,IXI403
https://files.osf.io/v1/resources/5h7sv/providers/osfstorage/5839b75f6c613b020a2941da,IXI404
https://files.osf.io/v1/resources/5h7sv/providers/osfstorage/5839b75f6c613b020a2941d8,IXI405
https://files.osf.io/v1/resources/5h7sv/providers/osfstorage/5839b758b83f69020a168011,IXI406
https://files.osf.io/v1/resources/5h7sv/providers/osfstorage/5839b7556c613b020c294231,IXI407
https://files.osf.io/v1/resources/5h7sv/providers/osfstorage/5839b7519ad5a1004a9f6055,IXI408
https://files.osf.io/v1/resources/5h7sv/providers/osfstorage/5839b74f6c613b020f29428b,IXI409
https://files.osf.io/v1/resources/5h7sv/providers/osfstorage/5839b74b594d9000451f6ccc,IXI410
https://files.osf.io/v1/resources/5h7sv/providers/osfstorage/5839b753594d9000451f6cce,IXI411
https://files.osf.io/v1/resources/5h7sv/providers/osfstorage/5839b7419ad5a100499f6162,IXI412
https://files.osf.io/v1/resources/5h7sv/providers/osfstorage/5839b73b9ad5a1004b9f610d,IXI413
https://files.osf.io/v1/resources/5h7sv/providers/osfstorage/5839b7389ad5a1004c9f6160,IXI414
https://files.osf.io/v1/resources/5h7sv/providers/osfstorage/5839b7356c613b020c29422f,IXI415
https://files.osf.io/v1/resources/5h7sv/providers/osfstorage/5839b72fb83f69020b167f12,IXI416
https://files.osf.io/v1/resources/5h7sv/providers/osfstorage/5839b739b83f69020c167fd0,IXI417
https://files.osf.io/v1/resources/5h7sv/providers/osfstorage/5839b7269ad5a100469f60f7,IXI418
https://files.osf.io/v1/resources/5h7sv/providers/osfstorage/5839b7219ad5a1004c9f615e,IXI419
https://files.osf.io/v1/resources/5h7sv/providers/osfstorage/5839b725594d9000451f6cc8,IXI420
https://files.osf.io/v1/resources/5h7sv/providers/osfstorage/5839b724594d9000471f6c29,IXI422
https://files.osf.io/v1/resources/5h7sv/providers/osfstorage/5839b722b83f69020e167fc0,IXI423
https://files.osf.io/v1/resources/5h7sv/providers/osfstorage/5839b71bb83f69020e167fbe,IXI424
https://files.osf.io/v1/resources/5h7sv/providers/osfstorage/5839b5fd594d9000451f6cbe,IXI425
https://files.osf.io/v1/resources/5h7sv/providers/osfstorage/5839b712594d9000491f6c31,IXI426
https://files.osf.io/v1/resources/5h7sv/providers/osfstorage/5839b711b83f69020a16800f,IXI427
https://files.osf.io/v1/resources/5h7sv/providers/osfstorage/5839b70bb83f690209167e95,IXI428
https://files.osf.io/v1/resources/5h7sv/providers/osfstorage/5839b70bb83f69020f167e7b,IXI429
https://files.osf.io/v1/resources/5h7sv/providers/osfstorage/5839b70a6c613b02092941d2,IXI430
https://files.osf.io/v1/resources/5h7sv/providers/osfstorage/5839b702594d9000471f6c25,IXI431
https://files.osf.io/v1/resources/5h7sv/providers/osfstorage/5839b703594d9000471f6c27,IXI432
https://files.osf.io/v1/resources/5h7sv/providers/osfstorage/5839b6f99ad5a1004a9f6051,IXI433
https://files.osf.io/v1/resources/5h7sv/providers/osfstorage/5839b6fb9ad5a100469f60f5,IXI434
https://files.osf.io/v1/resources/5h7sv/providers/osfstorage/5839bdb49ad5a100489f6277,IXI435
https://files.osf.io/v1/resources/5h7sv/providers/osfstorage/5839bdb0594d9000471f6c4f,IXI436
https://files.osf.io/v1/resources/5h7sv/providers/osfstorage/5839bd98b83f69020b167f33,IXI437
https://files.osf.io/v1/resources/5h7sv/providers/osfstorage/5839bd87b83f69020e167ff6,IXI438
https://files.osf.io/v1/resources/5h7sv/providers/osfstorage/5839bd7c6c613b020f2942af,IXI439
https://files.osf.io/v1/resources/5h7sv/providers/osfstorage/5839bd746c613b020e2943c0,IXI440
https://files.osf.io/v1/resources/5h7sv/providers/osfstorage/5839bd63b83f69020a16804a,IXI441
https://files.osf.io/v1/resources/5h7sv/providers/osfstorage/5839bd5a6c613b020e2943be,IXI442
https://files.osf.io/v1/resources/5h7sv/providers/osfstorage/5839bd446c613b020d29432c,IXI443
https://files.osf.io/v1/resources/5h7sv/providers/osfstorage/5839bd2c9ad5a100479f60ef,IXI444
https://files.osf.io/v1/resources/5h7sv/providers/osfstorage/5839bd146c613b020c294251,IXI445
https://files.osf.io/v1/resources/5h7sv/providers/osfstorage/5839bd119ad5a100499f61b7,IXI446
https://files.osf.io/v1/resources/5h7sv/providers/osfstorage/5839bcfeb83f69020e167fed,IXI447
https://files.osf.io/v1/resources/5h7sv/providers/osfstorage/5839bcf86c613b02092941f5,IXI448
https://files.osf.io/v1/resources/5h7sv/providers/osfstorage/5839bceb594d9000481f6f2a,IXI449
https://files.osf.io/v1/resources/5h7sv/providers/osfstorage/5839bce39ad5a100489f626f,IXI450
https://files.osf.io/v1/resources/5h7sv/providers/osfstorage/5839bce6594d9000451f6cf9,IXI451
https://files.osf.io/v1/resources/5h7sv/providers/osfstorage/5839bcd3594d9000451f6cf7,IXI452
https://files.osf.io/v1/resources/5h7sv/providers/osfstorage/5839bcc6b83f69020d167f0f,IXI453
https://files.osf.io/v1/resources/5h7sv/providers/osfstorage/5839bcbf6c613b020d294323,IXI454
https://files.osf.io/v1/resources/5h7sv/providers/osfstorage/5839bcb76c613b020f2942a8,IXI455
https://files.osf.io/v1/resources/5h7sv/providers/osfstorage/5839bcae594d9000471f6c4c,IXI456
https://files.osf.io/v1/resources/5h7sv/providers/osfstorage/5839bca5b83f69020b167f2e,IXI457
https://files.osf.io/v1/resources/5h7sv/providers/osfstorage/5839bc92594d9000481f6f21,IXI458
https://files.osf.io/v1/resources/5h7sv/providers/osfstorage/5839bc8e594d9000421f6cd0,IXI459
https://files.osf.io/v1/resources/5h7sv/providers/osfstorage/5839bc856c613b020a2941ff,IXI460
https://files.osf.io/v1/resources/5h7sv/providers/osfstorage/5839bc7c594d9000471f6c4a,IXI461
https://files.osf.io/v1/resources/5h7sv/providers/osfstorage/5839bdef6c613b020a29420b,IXI462
https://files.osf.io/v1/resources/5h7sv/providers/osfstorage/5839bde4b83f69020c168001,IXI463
https://files.osf.io/v1/resources/5h7sv/providers/osfstorage/5839bde26c613b020c294255,IXI464
https://files.osf.io/v1/resources/5h7sv/providers/osfstorage/5839bc776c613b020a2941fd,IXI465
https://files.osf.io/v1/resources/5h7sv/providers/osfstorage/5839bc606c613b020c29424c,IXI467
https://files.osf.io/v1/resources/5h7sv/providers/osfstorage/5839bc509ad5a100469f6118,IXI468
https://files.osf.io/v1/resources/5h7sv/providers/osfstorage/5839bde1b83f690209167ec6,IXI469
https://files.osf.io/v1/resources/5h7sv/providers/osfstorage/5839bde2b83f69020c167fff,IXI470
https://files.osf.io/v1/resources/5h7sv/providers/osfstorage/5839bdde594d9000471f6c52,IXI473
https://files.osf.io/v1/resources/5h7sv/providers/osfstorage/5839bdcb594d9000481f6f32,IXI474
https://files.osf.io/v1/resources/5h7sv/providers/osfstorage/5839bdc86c613b020d294338,IXI475
https://files.osf.io/v1/resources/5h7sv/providers/osfstorage/5839bdcbb83f69020a16804c,IXI476
https://files.osf.io/v1/resources/5h7sv/providers/osfstorage/5839bdc3b83f69020e167ffb,IXI477
https://files.osf.io/v1/resources/5h7sv/providers/osfstorage/5839bdc39ad5a100469f611d,IXI478
https://files.osf.io/v1/resources/5h7sv/providers/osfstorage/5839bc516c613b020e2943b4,IXI479
https://files.osf.io/v1/resources/5h7sv/providers/osfstorage/5839bc31b83f690210167f00,IXI480
https://files.osf.io/v1/resources/5h7sv/providers/osfstorage/5839bc226c613b0210294260,IXI481
https://files.osf.io/v1/resources/5h7sv/providers/osfstorage/5839bc196c613b020a2941fb,IXI482
https://files.osf.io/v1/resources/5h7sv/providers/osfstorage/5839bc0d9ad5a100489f626c,IXI483
https://files.osf.io/v1/resources/5h7sv/providers/osfstorage/5839bc026c613b021029425a,IXI484
https://files.osf.io/v1/resources/5h7sv/providers/osfstorage/5839bbfa6c613b020b29434a,IXI485
https://files.osf.io/v1/resources/5h7sv/providers/osfstorage/5839bbe4b83f69020d167f0b,IXI486
https://files.osf.io/v1/resources/5h7sv/providers/osfstorage/5839bbdf6c613b020a2941f6,IXI487
https://files.osf.io/v1/resources/5h7sv/providers/osfstorage/5839bbd0b83f69020f167e8e,IXI488
https://files.osf.io/v1/resources/5h7sv/providers/osfstorage/5839bbd29ad5a100469f6115,IXI489
https://files.osf.io/v1/resources/5h7sv/providers/osfstorage/5839bbbd9ad5a1004c9f6189,IXI490
https://files.osf.io/v1/resources/5h7sv/providers/osfstorage/5839bbba6c613b0210294258,IXI491
https://files.osf.io/v1/resources/5h7sv/providers/osfstorage/5839bbb3b83f690209167eb9,IXI492
https://files.osf.io/v1/resources/5h7sv/providers/osfstorage/5839bba76c613b020f2942a3,IXI493
https://files.osf.io/v1/resources/5h7sv/providers/osfstorage/5839bba39ad5a1004a9f6073,IXI494
https://files.osf.io/v1/resources/5h7sv/providers/osfstorage/5839bb929ad5a100489f6265,IXI495
https://files.osf.io/v1/resources/5h7sv/providers/osfstorage/5839bb8b594d9000481f6f16,IXI496
https://files.osf.io/v1/resources/5h7sv/providers/osfstorage/5839bb876c613b020e2943b0,IXI497
https://files.osf.io/v1/resources/5h7sv/providers/osfstorage/5839bb78b83f69020e167fe7,IXI498
https://files.osf.io/v1/resources/5h7sv/providers/osfstorage/5839bb72594d9000421f6cc7,IXI499
https://files.osf.io/v1/resources/5h7sv/providers/osfstorage/5839bb68594d9000431f6cd2,IXI500
https://files.osf.io/v1/resources/5h7sv/providers/osfstorage/5839bb60b83f690209167eb6,IXI501
https://files.osf.io/v1/resources/5h7sv/providers/osfstorage/5839bb576c613b020f29429d,IXI502
https://files.osf.io/v1/resources/5h7sv/providers/osfstorage/5839bb509ad5a100489f6263,IXI503
https://files.osf.io/v1/resources/5h7sv/providers/osfstorage/5839bb4b9ad5a100499f6187,IXI504
https://files.osf.io/v1/resources/5h7sv/providers/osfstorage/5839bb449ad5a1004c9f6186,IXI505
https://files.osf.io/v1/resources/5h7sv/providers/osfstorage/5839bb3d9ad5a100459f630e,IXI506
https://files.osf.io/v1/resources/5h7sv/providers/osfstorage/5839bb359ad5a100489f6261,IXI507
https://files.osf.io/v1/resources/5h7sv/providers/osfstorage/5839bb2e9ad5a1004c9f6184,IXI508
https://files.osf.io/v1/resources/5h7sv/providers/osfstorage/5839bb2bb83f69020e167fe3,IXI510
https://files.osf.io/v1/resources/5h7sv/providers/osfstorage/5839bb186c613b020e2943aa,IXI511
https://files.osf.io/v1/resources/5h7sv/providers/osfstorage/5839baff594d9000441f6c6a,IXI512
https://files.osf.io/v1/resources/5h7sv/providers/osfstorage/5839baec594d9000421f6cc2,IXI515
https://files.osf.io/v1/resources/5h7sv/providers/osfstorage/5839bafbb83f690209167eb0,IXI516
https://files.osf.io/v1/resources/5h7sv/providers/osfstorage/5839bad06c613b020b294345,IXI517
https://files.osf.io/v1/resources/5h7sv/providers/osfstorage/5839bab4594d9000491f6c47,IXI518
https://files.osf.io/v1/resources/5h7sv/providers/osfstorage/5839b6036c613b020d2942f5,IXI519
https://files.osf.io/v1/resources/5h7sv/providers/osfstorage/5839b8f0b83f69020a16801c,IXI521
https://files.osf.io/v1/resources/5h7sv/providers/osfstorage/5839b8e79ad5a100489f624f,IXI522
https://files.osf.io/v1/resources/5h7sv/providers/osfstorage/5839b8e1594d9000491f6c3c,IXI523
https://files.osf.io/v1/resources/5h7sv/providers/osfstorage/5839b8e3b83f69020c167fe3,IXI524
https://files.osf.io/v1/resources/5h7sv/providers/osfstorage/5839b8d06c613b021029423d,IXI525
https://files.osf.io/v1/resources/5h7sv/providers/osfstorage/5839b8c86c613b020e29438d,IXI526
https://files.osf.io/v1/resources/5h7sv/providers/osfstorage/5839b8c26c613b020d294306,IXI527
https://files.osf.io/v1/resources/5h7sv/providers/osfstorage/5839b8bc6c613b020d294304,IXI528
https://files.osf.io/v1/resources/5h7sv/providers/osfstorage/5839b8abb83f690209167e9f,IXI531
https://files.osf.io/v1/resources/5h7sv/providers/osfstorage/5839b8a46c613b020f294293,IXI532
https://files.osf.io/v1/resources/5h7sv/providers/osfstorage/5839b89a9ad5a1004b9f6116,IXI533
https://files.osf.io/v1/resources/5h7sv/providers/osfstorage/5839b8969ad5a100489f624d,IXI534
https://files.osf.io/v1/resources/5h7sv/providers/osfstorage/5839b8906c613b02092941d9,IXI535
https://files.osf.io/v1/resources/5h7sv/providers/osfstorage/5839b88c594d9000461f6cdd,IXI536
https://files.osf.io/v1/resources/5h7sv/providers/osfstorage/5839b8899ad5a100459f62f3,IXI537
https://files.osf.io/v1/resources/5h7sv/providers/osfstorage/5839b883594d9000481f6ef7,IXI538
https://files.osf.io/v1/resources/5h7sv/providers/osfstorage/5839b87a9ad5a100459f62f1,IXI539
https://files.osf.io/v1/resources/5h7sv/providers/osfstorage/5839b872594d9000441f6c5a,IXI541
https://files.osf.io/v1/resources/5h7sv/providers/osfstorage/5839b86b594d9000461f6cda,IXI542
https://files.osf.io/v1/resources/5h7sv/providers/osfstorage/5839b861594d9000421f6cad,IXI543
https://files.osf.io/v1/resources/5h7sv/providers/osfstorage/5839b856594d9000481f6ef3,IXI544
https://files.osf.io/v1/resources/5h7sv/providers/osfstorage/5839b8516c613b02092941d7,IXI546
https://files.osf.io/v1/resources/5h7sv/providers/osfstorage/5839b8479ad5a1004b9f6113,IXI547
https://files.osf.io/v1/resources/5h7sv/providers/osfstorage/5839b83eb83f69020a168016,IXI548
https://files.osf.io/v1/resources/5h7sv/providers/osfstorage/5839b82bb83f690210167ee8,IXI549
https://files.osf.io/v1/resources/5h7sv/providers/osfstorage/5839b824594d9000481f6ef1,IXI550
https://files.osf.io/v1/resources/5h7sv/providers/osfstorage/5839b820594d9000451f6cd7,IXI551
https://files.osf.io/v1/resources/5h7sv/providers/osfstorage/5839b8226c613b020c294233,IXI552
https://files.osf.io/v1/resources/5h7sv/providers/osfstorage/5839b81d594d9000451f6cd5,IXI553
https://files.osf.io/v1/resources/5h7sv/providers/osfstorage/5839b8186c613b0210294239,IXI554
https://files.osf.io/v1/resources/5h7sv/providers/osfstorage/5839b8159ad5a100489f6247,IXI555
https://files.osf.io/v1/resources/5h7sv/providers/osfstorage/5839b812594d9000481f6eef,IXI556
https://files.osf.io/v1/resources/5h7sv/providers/osfstorage/5839b80eb83f69020a168014,IXI558
https://files.osf.io/v1/resources/5h7sv/providers/osfstorage/5839b8079ad5a100479f60d7,IXI559
https://files.osf.io/v1/resources/5h7sv/providers/osfstorage/5839b8026c613b020d2942ff,IXI560
https://files.osf.io/v1/resources/5h7sv/providers/osfstorage/5839b7efb83f69020d167ef5,IXI561
https://files.osf.io/v1/resources/5h7sv/providers/osfstorage/5839b7e89ad5a100469f60fe,IXI562
https://files.osf.io/v1/resources/5h7sv/providers/osfstorage/5839b7eb6c613b020d2942fd,IXI563
https://files.osf.io/v1/resources/5h7sv/providers/osfstorage/5839b7de594d9000431f6cbb,IXI565
https://files.osf.io/v1/resources/5h7sv/providers/osfstorage/5839b7dd6c613b020e294387,IXI566
https://files.osf.io/v1/resources/5h7sv/providers/osfstorage/5839b7d79ad5a100459f62eb,IXI567
https://files.osf.io/v1/resources/5h7sv/providers/osfstorage/5839b7d9594d9000431f6cb9,IXI568
https://files.osf.io/v1/resources/5h7sv/providers/osfstorage/5839b7d79ad5a100489f6241,IXI569
https://files.osf.io/v1/resources/5h7sv/providers/osfstorage/5839b7cf9ad5a100499f6168,IXI571
https://files.osf.io/v1/resources/5h7sv/providers/osfstorage/5839b7c8594d9000461f6cd5,IXI572
https://files.osf.io/v1/resources/5h7sv/providers/osfstorage/5839b7cf6c613b020d2942fb,IXI573
https://files.osf.io/v1/resources/5h7sv/providers/osfstorage/5839b7c0594d9000471f6c30,IXI574
https://files.osf.io/v1/resources/5h7sv/providers/osfstorage/5839b7b4594d9000421f6ca9,IXI575
https://files.osf.io/v1/resources/5h7sv/providers/osfstorage/5839b7b19ad5a100459f62e9,IXI576
https://files.osf.io/v1/resources/5h7sv/providers/osfstorage/5839b7a9594d9000441f6c54,IXI577
https://files.osf.io/v1/resources/5h7sv/providers/osfstorage/5839b7a4b83f69020d167ef0,IXI578
https://files.osf.io/v1/resources/5h7sv/providers/osfstorage/5839b7a39ad5a100469f60fb,IXI579
https://files.osf.io/v1/resources/5h7sv/providers/osfstorage/5839b790594d9000421f6ca7,IXI582
https://files.osf.io/v1/resources/5h7sv/providers/osfstorage/5839b6159ad5a1004a9f604a,IXI584
https://files.osf.io/v1/resources/5h7sv/providers/osfstorage/5839b6f36c613b02092941d0,IXI585
https://files.osf.io/v1/resources/5h7sv/providers/osfstorage/5839b6f19ad5a100469f60f3,IXI586
https://files.osf.io/v1/resources/5h7sv/providers/osfstorage/5839b6efb83f69020b167f10,IXI587
https://files.osf.io/v1/resources/5h7sv/providers/osfstorage/5839b6ea594d9000441f6c4f,IXI588
https://files.osf.io/v1/resources/5h7sv/providers/osfstorage/5839b6e6594d9000461f6cd0,IXI589
https://files.osf.io/v1/resources/5h7sv/providers/osfstorage/5839b6dd594d9000471f6c23,IXI591
https://files.osf.io/v1/resources/5h7sv/providers/osfstorage/5839b6df6c613b020c29422b,IXI592
https://files.osf.io/v1/resources/5h7sv/providers/osfstorage/5839b6dc6c613b020e29437e,IXI593
https://files.osf.io/v1/resources/5h7sv/providers/osfstorage/5839b6da6c613b020e29437c,IXI594
https://files.osf.io/v1/resources/5h7sv/providers/osfstorage/5839b6d49ad5a100479f60d1,IXI595
https://files.osf.io/v1/resources/5h7sv/providers/osfstorage/5839b6cc9ad5a1004c9f615b,IXI596
https://files.osf.io/v1/resources/5h7sv/providers/osfstorage/5839b6c8b83f69020d167ee7,IXI597
https://files.osf.io/v1/resources/5h7sv/providers/osfstorage/5839b6c7b83f69020f167e79,IXI598
https://files.osf.io/v1/resources/5h7sv/providers/osfstorage/5839b6c4b83f69020e167fbb,IXI599
https://files.osf.io/v1/resources/5h7sv/providers/osfstorage/5839b6c56c613b0210294234,IXI600
https://files.osf.io/v1/resources/5h7sv/providers/osfstorage/5839b6bab83f69020e167fb9,IXI601
https://files.osf.io/v1/resources/5h7sv/providers/osfstorage/5839b6b7b83f69020d167ee5,IXI603
https://files.osf.io/v1/resources/5h7sv/providers/osfstorage/5839b6b3594d9000451f6cc4,IXI605
https://files.osf.io/v1/resources/5h7sv/providers/osfstorage/5839b6b26c613b020b29432b,IXI606
https://files.osf.io/v1/resources/5h7sv/providers/osfstorage/5839b6b19ad5a100489f623b,IXI607
https://files.osf.io/v1/resources/5h7sv/providers/osfstorage/5839b6adb83f69020e167fb7,IXI608
https://files.osf.io/v1/resources/5h7sv/providers/osfstorage/5839b6a49ad5a100499f615f,IXI609
https://files.osf.io/v1/resources/5h7sv/providers/osfstorage/5839b6ab9ad5a100489f6239,IXI610
https://files.osf.io/v1/resources/5h7sv/providers/osfstorage/5839b6a5594d9000441f6c4a,IXI611
https://files.osf.io/v1/resources/5h7sv/providers/osfstorage/5839b6a1594d9000421f6ca3,IXI612
https://files.osf.io/v1/resources/5h7sv/providers/osfstorage/5839b69d6c613b020e29437a,IXI613
https://files.osf.io/v1/resources/5h7sv/providers/osfstorage/5839b695594d9000421f6ca1,IXI614
https://files.osf.io/v1/resources/5h7sv/providers/osfstorage/5839b6919ad5a1004c9f6158,IXI616
https://files.osf.io/v1/resources/5h7sv/providers/osfstorage/5839b68bb83f69020f167e75,IXI617
https://files.osf.io/v1/resources/5h7sv/providers/osfstorage/5839b6929ad5a100489f6237,IXI618
https://files.osf.io/v1/resources/5h7sv/providers/osfstorage/5839b6939ad5a100469f60f1,IXI619
https://files.osf.io/v1/resources/5h7sv/providers/osfstorage/5839b6829ad5a100469f60ef,IXI621
https://files.osf.io/v1/resources/5h7sv/providers/osfstorage/5839b6819ad5a100489f6235,IXI622
https://files.osf.io/v1/resources/5h7sv/providers/osfstorage/5839b6779ad5a100499f615d,IXI623
https://files.osf.io/v1/resources/5h7sv/providers/osfstorage/5839b676b83f690209167e8e,IXI625
https://files.osf.io/v1/resources/5h7sv/providers/osfstorage/5839b676b83f690209167e90,IXI626
https://files.osf.io/v1/resources/5h7sv/providers/osfstorage/5839b672b83f69020a16800b,IXI627
https://files.osf.io/v1/resources/5h7sv/providers/osfstorage/5839b66e6c613b020f294287,IXI629
https://files.osf.io/v1/resources/5h7sv/providers/osfstorage/5839b6626c613b020e294377,IXI630
https://files.osf.io/v1/resources/5h7sv/providers/osfstorage/5839b663b83f69020f167e73,IXI631
https://files.osf.io/v1/resources/5h7sv/providers/osfstorage/5839b660594d9000431f6cb4,IXI632
https://files.osf.io/v1/resources/5h7sv/providers/osfstorage/5839b6629ad5a1004a9f604d,IXI633
https://files.osf.io/v1/resources/5h7sv/providers/osfstorage/5839b6599ad5a100479f60ce,IXI634
https://files.osf.io/v1/resources/5h7sv/providers/osfstorage/5839b65d594d9000441f6c46,IXI635
https://files.osf.io/v1/resources/5h7sv/providers/osfstorage/5839b64f9ad5a1004c9f6155,IXI636
https://files.osf.io/v1/resources/5h7sv/providers/osfstorage/5839b656594d9000491f6c2d,IXI637
https://files.osf.io/v1/resources/5h7sv/providers/osfstorage/5839b650594d9000451f6cc2,IXI638
https://files.osf.io/v1/resources/5h7sv/providers/osfstorage/5839b6419ad5a100459f62df,IXI639
https://files.osf.io/v1/resources/5h7sv/providers/osfstorage/5839b6469ad5a100489f6233,IXI640
https://files.osf.io/v1/resources/5h7sv/providers/osfstorage/5839b6406c613b020b294329,IXI641
https://files.osf.io/v1/resources/5h7sv/providers/osfstorage/5839b63fb83f69020b167f0d,IXI642
https://files.osf.io/v1/resources/5h7sv/providers/osfstorage/5839b6469ad5a100489f6231,IXI643
https://files.osf.io/v1/resources/5h7sv/providers/osfstorage/5839b62f594d9000461f6cce,IXI644
https://files.osf.io/v1/resources/5h7sv/providers/osfstorage/5839b62c9ad5a100499f615b,IXI646
https://files.osf.io/v1/resources/5h7sv/providers/osfstorage/5839b62c6c613b020f294283,IXI648
https://files.osf.io/v1/resources/5h7sv/providers/osfstorage/5839b631594d9000471f6c21,IXI651
https://files.osf.io/v1/resources/5h7sv/providers/osfstorage/5839b6309ad5a100469f60ed,IXI652
https://files.osf.io/v1/resources/5h7sv/providers/osfstorage/5839b61ab83f69020b167f0b,IXI653
https://files.osf.io/v1/resources/5h7sv/providers/osfstorage/5839b616594d9000471f6c1f,IXI661
https://files.osf.io/v1/resources/5h7sv/providers/osfstorage/5839b61eb83f69020c167fcb,IXI662
