https://files.osf.io/v1/resources/5h7sv/providers/osfstorage/5839bb06594d9000481f6f13,100
https://files.osf.io/v1/resources/5h7sv/providers/osfstorage/5839bb119ad5a100469f610f,101
https://files.osf.io/v1/resources/5h7sv/providers/osfstorage/5839baf79ad5a100469f610d,102
https://files.osf.io/v1/resources/5h7sv/providers/osfstorage/5839bae0b83f69020f167e8b,103
https://files.osf.io/v1/resources/5h7sv/providers/osfstorage/5839baef6c613b020d294314,104
https://files.osf.io/v1/resources/5h7sv/providers/osfstorage/5839bacc6c613b0210294254,105
https://files.osf.io/v1/resources/5h7sv/providers/osfstorage/5839bace594d9000441f6c68,106
https://files.osf.io/v1/resources/5h7sv/providers/osfstorage/5839bab9b83f690210167ef9,107
https://files.osf.io/v1/resources/5h7sv/providers/osfstorage/5839bab46c613b020b294343,108
https://files.osf.io/v1/resources/5h7sv/providers/osfstorage/5839bab3594d9000471f6c3d,109
https://files.osf.io/v1/resources/5h7sv/providers/osfstorage/5839baaa6c613b02092941e6,110
https://files.osf.io/v1/resources/5h7sv/providers/osfstorage/5839ba9eb83f69020c167ff0,111
https://files.osf.io/v1/resources/5h7sv/providers/osfstorage/5839ba9b9ad5a1004c9f6182,112
https://files.osf.io/v1/resources/5h7sv/providers/osfstorage/5839ba9b9ad5a1004a9f6069,113
https://files.osf.io/v1/resources/5h7sv/providers/osfstorage/5839ba92b83f69020c167fee,114
https://files.osf.io/v1/resources/5h7sv/providers/osfstorage/5839ba8b594d9000431f6ccc,115
https://files.osf.io/v1/resources/5h7sv/providers/osfstorage/5839ba9a594d9000441f6c65,116
https://files.osf.io/v1/resources/5h7sv/providers/osfstorage/5839ba7d6c613b020e2943a3,117
https://files.osf.io/v1/resources/5h7sv/providers/osfstorage/5839ba7cb83f69020f167e87,118
https://files.osf.io/v1/resources/5h7sv/providers/osfstorage/5839ba75b83f69020e167fdf,119
https://files.osf.io/v1/resources/5h7sv/providers/osfstorage/5839be189ad5a1004b9f613b,12
https://files.osf.io/v1/resources/5h7sv/providers/osfstorage/5839ba766c613b020d29430f,120
https://files.osf.io/v1/resources/5h7sv/providers/osfstorage/5839ba6db83f69020f167e85,121
https://files.osf.io/v1/resources/5h7sv/providers/osfstorage/5839ba696c613b02092941e4,122
https://files.osf.io/v1/resources/5h7sv/providers/osfstorage/5839ba689ad5a100499f6182,123
https://files.osf.io/v1/resources/5h7sv/providers/osfstorage/5839ba629ad5a1004b9f6126,126
https://files.osf.io/v1/resources/5h7sv/providers/osfstorage/5839ba56b83f69020e167fdd,127
https://files.osf.io/v1/resources/5h7sv/providers/osfstorage/5839ba55594d9000421f6cbf,128
https://files.osf.io/v1/resources/5h7sv/providers/osfstorage/5839ba4d9ad5a1004c9f617a,129
https://files.osf.io/v1/resources/5h7sv/providers/osfstorage/5839be19594d9000431f6cda,13
https://files.osf.io/v1/resources/5h7sv/providers/osfstorage/5839ba4db83f69020a16802e,130
https://files.osf.io/v1/resources/5h7sv/providers/osfstorage/5839ba44594d9000491f6c43,131
https://files.osf.io/v1/resources/5h7sv/providers/osfstorage/5839ba40b83f690210167ef4,132
https://files.osf.io/v1/resources/5h7sv/providers/osfstorage/5839ba339ad5a100479f60df,134
https://files.osf.io/v1/resources/5h7sv/providers/osfstorage/5839ba2b9ad5a100479f60dd,135
https://files.osf.io/v1/resources/5h7sv/providers/osfstorage/5839ba276c613b021029424e,136
https://files.osf.io/v1/resources/5h7sv/providers/osfstorage/5839ba229ad5a100489f625d,137
https://files.osf.io/v1/resources/5h7sv/providers/osfstorage/5839ba139ad5a1004c9f6178,138
https://files.osf.io/v1/resources/5h7sv/providers/osfstorage/5839ba0f6c613b020a2941ec,139
https://files.osf.io/v1/resources/5h7sv/providers/osfstorage/5839be196c613b020e2943c2,14
https://files.osf.io/v1/resources/5h7sv/providers/osfstorage/5839ba0a6c613b020d29430d,140
https://files.osf.io/v1/resources/5h7sv/providers/osfstorage/5839ba049ad5a100459f6302,141
https://files.osf.io/v1/resources/5h7sv/providers/osfstorage/5839ba016c613b020b29433d,142
https://files.osf.io/v1/resources/5h7sv/providers/osfstorage/5839b9fcb83f69020c167fec,143
https://files.osf.io/v1/resources/5h7sv/providers/osfstorage/5839b9fa9ad5a1004b9f6121,144
https://files.osf.io/v1/resources/5h7sv/providers/osfstorage/5839b9f86c613b021029424b,145
https://files.osf.io/v1/resources/5h7sv/providers/osfstorage/5839b9ef6c613b020b29433b,146
https://files.osf.io/v1/resources/5h7sv/providers/osfstorage/5839b9e96c613b020b294339,148
https://files.osf.io/v1/resources/5h7sv/providers/osfstorage/5839be1a594d9000481f6f35,15
https://files.osf.io/v1/resources/5h7sv/providers/osfstorage/5839b9e66c613b020e29439c,150
https://files.osf.io/v1/resources/5h7sv/providers/osfstorage/5839b9ea6c613b020e29439e,151
https://files.osf.io/v1/resources/5h7sv/providers/osfstorage/5839b9e1b83f69020c167fea,153
https://files.osf.io/v1/resources/5h7sv/providers/osfstorage/5839b9e06c613b020e29439a,154
https://files.osf.io/v1/resources/5h7sv/providers/osfstorage/5839b9d89ad5a100459f62fe,156
https://files.osf.io/v1/resources/5h7sv/providers/osfstorage/5839b9dbb83f69020a16802a,157
https://files.osf.io/v1/resources/5h7sv/providers/osfstorage/5839b9d6594d9000431f6cc7,158
https://files.osf.io/v1/resources/5h7sv/providers/osfstorage/5839b9d0594d9000451f6ce7,159
https://files.osf.io/v1/resources/5h7sv/providers/osfstorage/5839be3a594d9000421f6cd6,16
https://files.osf.io/v1/resources/5h7sv/providers/osfstorage/5839b9d0b83f69020d167f01,160
https://files.osf.io/v1/resources/5h7sv/providers/osfstorage/5839b9c2594d9000441f6c5e,161
https://files.osf.io/v1/resources/5h7sv/providers/osfstorage/5839b9bf9ad5a1004c9f6174,162
https://files.osf.io/v1/resources/5h7sv/providers/osfstorage/5839b9c1594d9000441f6c5c,163
https://files.osf.io/v1/resources/5h7sv/providers/osfstorage/5839b9c36c613b020e294398,164
https://files.osf.io/v1/resources/5h7sv/providers/osfstorage/5839b9c16c613b020a2941ea,165
https://files.osf.io/v1/resources/5h7sv/providers/osfstorage/5839b9b0594d9000481f6f0b,166
https://files.osf.io/v1/resources/5h7sv/providers/osfstorage/5839b9adb83f690209167ea9,167
https://files.osf.io/v1/resources/5h7sv/providers/osfstorage/5839b9aa594d9000481f6f09,168
https://files.osf.io/v1/resources/5h7sv/providers/osfstorage/5839b9a79ad5a100489f625a,169
https://files.osf.io/v1/resources/5h7sv/providers/osfstorage/5839be2d9ad5a100489f627c,17
https://files.osf.io/v1/resources/5h7sv/providers/osfstorage/5839b9aab83f69020a168028,170
https://files.osf.io/v1/resources/5h7sv/providers/osfstorage/5839b9a26c613b020c29423d,172
https://files.osf.io/v1/resources/5h7sv/providers/osfstorage/5839b99a6c613b0210294249,173
https://files.osf.io/v1/resources/5h7sv/providers/osfstorage/5839b9976c613b020a2941e8,174
https://files.osf.io/v1/resources/5h7sv/providers/osfstorage/5839b997594d9000461f6ce3,175
https://files.osf.io/v1/resources/5h7sv/providers/osfstorage/5839b99d9ad5a100499f6178,176
https://files.osf.io/v1/resources/5h7sv/providers/osfstorage/5839b995b83f690210167ef0,177
https://files.osf.io/v1/resources/5h7sv/providers/osfstorage/5839b98d594d9000451f6ce5,178
https://files.osf.io/v1/resources/5h7sv/providers/osfstorage/5839b9846c613b020f294297,179
https://files.osf.io/v1/resources/5h7sv/providers/osfstorage/5839b983b83f690209167ea7,180
https://files.osf.io/v1/resources/5h7sv/providers/osfstorage/5839b9836c613b020b294333,181
https://files.osf.io/v1/resources/5h7sv/providers/osfstorage/5839b9816c613b020d294309,182
https://files.osf.io/v1/resources/5h7sv/providers/osfstorage/5839b984b83f69020d167eff,183
https://files.osf.io/v1/resources/5h7sv/providers/osfstorage/5839b9759ad5a1004a9f6064,184
https://files.osf.io/v1/resources/5h7sv/providers/osfstorage/5839b976b83f69020b167f20,185
https://files.osf.io/v1/resources/5h7sv/providers/osfstorage/5839b9709ad5a100499f6176,186
https://files.osf.io/v1/resources/5h7sv/providers/osfstorage/5839b9706c613b020a2941e6,188
https://files.osf.io/v1/resources/5h7sv/providers/osfstorage/5839b96e6c613b0210294247,189
https://files.osf.io/v1/resources/5h7sv/providers/osfstorage/5839be2db83f69020e167ffd,19
https://files.osf.io/v1/resources/5h7sv/providers/osfstorage/5839b9699ad5a1004b9f611a,191
https://files.osf.io/v1/resources/5h7sv/providers/osfstorage/5839b964594d9000451f6ce3,192
https://files.osf.io/v1/resources/5h7sv/providers/osfstorage/5839b95eb83f69020c167fe6,193
https://files.osf.io/v1/resources/5h7sv/providers/osfstorage/5839b95ab83f69020a168025,194
https://files.osf.io/v1/resources/5h7sv/providers/osfstorage/5839b955b83f69020a168023,195
https://files.osf.io/v1/resources/5h7sv/providers/osfstorage/5839b9559ad5a100469f6106,196
https://files.osf.io/v1/resources/5h7sv/providers/osfstorage/5839b952594d9000481f6f05,197
https://files.osf.io/v1/resources/5h7sv/providers/osfstorage/5839b94d594d9000461f6ce1,198
https://files.osf.io/v1/resources/5h7sv/providers/osfstorage/5839b947b83f69020b167f1c,199
https://files.osf.io/v1/resources/5h7sv/providers/osfstorage/5839be3b6c613b0209294201,2
https://files.osf.io/v1/resources/5h7sv/providers/osfstorage/5839be2b9ad5a100489f627a,20
https://files.osf.io/v1/resources/5h7sv/providers/osfstorage/5839b969b83f69020c167fe8,200
https://files.osf.io/v1/resources/5h7sv/providers/osfstorage/5839b947b83f69020a168021,201
https://files.osf.io/v1/resources/5h7sv/providers/osfstorage/5839b941594d9000491f6c3e,202
https://files.osf.io/v1/resources/5h7sv/providers/osfstorage/5839b9459ad5a100489f6256,204
https://files.osf.io/v1/resources/5h7sv/providers/osfstorage/5839b938b83f69020d167efd,205
https://files.osf.io/v1/resources/5h7sv/providers/osfstorage/5839b933b83f69020e167fd4,206
https://files.osf.io/v1/resources/5h7sv/providers/osfstorage/5839b934594d9000421f6cba,207
https://files.osf.io/v1/resources/5h7sv/providers/osfstorage/5839b92db83f69020b167f1a,208
https://files.osf.io/v1/resources/5h7sv/providers/osfstorage/5839b92e594d9000431f6cc5,209
https://files.osf.io/v1/resources/5h7sv/providers/osfstorage/5839be35594d9000461f6d01,21
https://files.osf.io/v1/resources/5h7sv/providers/osfstorage/5839b92a6c613b020a2941e3,210
https://files.osf.io/v1/resources/5h7sv/providers/osfstorage/5839b923b83f69020f167e81,211
https://files.osf.io/v1/resources/5h7sv/providers/osfstorage/5839b924594d9000421f6cb8,212
https://files.osf.io/v1/resources/5h7sv/providers/osfstorage/5839b91db83f69020e167fd2,213
https://files.osf.io/v1/resources/5h7sv/providers/osfstorage/5839b9199ad5a1004c9f6171,214
https://files.osf.io/v1/resources/5h7sv/providers/osfstorage/5839b916b83f69020a16801e,216
https://files.osf.io/v1/resources/5h7sv/providers/osfstorage/5839b9149ad5a100489f6252,217
https://files.osf.io/v1/resources/5h7sv/providers/osfstorage/5839b9109ad5a100499f6174,218
https://files.osf.io/v1/resources/5h7sv/providers/osfstorage/5839b90cb83f69020e167fd0,219
https://files.osf.io/v1/resources/5h7sv/providers/osfstorage/5839be376c613b020c29425a,22
https://files.osf.io/v1/resources/5h7sv/providers/osfstorage/5839b90c9ad5a1004a9f6061,221
https://files.osf.io/v1/resources/5h7sv/providers/osfstorage/5839b9046c613b021029423f,222
https://files.osf.io/v1/resources/5h7sv/providers/osfstorage/5839b903594d9000421f6cb5,223
https://files.osf.io/v1/resources/5h7sv/providers/osfstorage/5839b8fd594d9000481f6ef9,224
https://files.osf.io/v1/resources/5h7sv/providers/osfstorage/5839b8fd9ad5a1004a9f605f,225
https://files.osf.io/v1/resources/5h7sv/providers/osfstorage/5839b8fbb83f69020e167fce,226
https://files.osf.io/v1/resources/5h7sv/providers/osfstorage/5839b8f6b83f69020e167fcc,227
https://files.osf.io/v1/resources/5h7sv/providers/osfstorage/5839b8fa6c613b020e294392,228
https://files.osf.io/v1/resources/5h7sv/providers/osfstorage/5839b8f36c613b020c29423a,229
https://files.osf.io/v1/resources/5h7sv/providers/osfstorage/5839be4b594d9000451f6d07,23
https://files.osf.io/v1/resources/5h7sv/providers/osfstorage/5839bdb89ad5a100479f60f4,230
https://files.osf.io/v1/resources/5h7sv/providers/osfstorage/5839bdad6c613b020d294336,231
https://files.osf.io/v1/resources/5h7sv/providers/osfstorage/5839bd9d9ad5a100459f6319,232
https://files.osf.io/v1/resources/5h7sv/providers/osfstorage/5839bd8c6c613b020d294333,233
https://files.osf.io/v1/resources/5h7sv/providers/osfstorage/5839bd869ad5a1004b9f6135,234
https://files.osf.io/v1/resources/5h7sv/providers/osfstorage/5839bd716c613b020d29432f,236
https://files.osf.io/v1/resources/5h7sv/providers/osfstorage/5839bd696c613b02092941fb,237
https://files.osf.io/v1/resources/5h7sv/providers/osfstorage/5839bd639ad5a100479f60f1,238
https://files.osf.io/v1/resources/5h7sv/providers/osfstorage/5839bd54594d9000491f6c55,239
https://files.osf.io/v1/resources/5h7sv/providers/osfstorage/5839be47594d9000461f6d03,24
https://files.osf.io/v1/resources/5h7sv/providers/osfstorage/5839bd3f6c613b020e2943bc,240
https://files.osf.io/v1/resources/5h7sv/providers/osfstorage/5839bd31594d9000461f6cfe,241
https://files.osf.io/v1/resources/5h7sv/providers/osfstorage/5839bd41594d9000451f6cfd,242
https://files.osf.io/v1/resources/5h7sv/providers/osfstorage/5839bd2eb83f69020e167ff2,244
https://files.osf.io/v1/resources/5h7sv/providers/osfstorage/5839bd126c613b021029426d,246
https://files.osf.io/v1/resources/5h7sv/providers/osfstorage/5839bd18594d9000451f6cfb,247
https://files.osf.io/v1/resources/5h7sv/providers/osfstorage/5839bd066c613b020e2943b9,248
https://files.osf.io/v1/resources/5h7sv/providers/osfstorage/5839bcfeb83f69020f167e98,249
https://files.osf.io/v1/resources/5h7sv/providers/osfstorage/5839be3db83f69020e167fff,25
https://files.osf.io/v1/resources/5h7sv/providers/osfstorage/5839bcfa6c613b020b294355,250
https://files.osf.io/v1/resources/5h7sv/providers/osfstorage/5839bcf06c613b021029426b,251
https://files.osf.io/v1/resources/5h7sv/providers/osfstorage/5839bcec9ad5a100489f6271,252
https://files.osf.io/v1/resources/5h7sv/providers/osfstorage/5839bce1594d9000481f6f28,253
https://files.osf.io/v1/resources/5h7sv/providers/osfstorage/5839bcd7594d9000441f6c76,254
https://files.osf.io/v1/resources/5h7sv/providers/osfstorage/5839bcd16c613b020a294202,255
https://files.osf.io/v1/resources/5h7sv/providers/osfstorage/5839bcc76c613b020b294352,256
https://files.osf.io/v1/resources/5h7sv/providers/osfstorage/5839bcbfb83f69020e167fea,257
https://files.osf.io/v1/resources/5h7sv/providers/osfstorage/5839bcb8594d9000481f6f26,258
https://files.osf.io/v1/resources/5h7sv/providers/osfstorage/5839bca7b83f690210167f02,259
https://files.osf.io/v1/resources/5h7sv/providers/osfstorage/5839bdafb83f69020f167e9d,26
https://files.osf.io/v1/resources/5h7sv/providers/osfstorage/5839bca59ad5a100469f611a,260
https://files.osf.io/v1/resources/5h7sv/providers/osfstorage/5839bc966c613b020f2942a5,261
https://files.osf.io/v1/resources/5h7sv/providers/osfstorage/5839bc7fb83f690209167ebf,262
https://files.osf.io/v1/resources/5h7sv/providers/osfstorage/5839bc779ad5a1004b9f612f,263
https://files.osf.io/v1/resources/5h7sv/providers/osfstorage/5839bc676c613b020b29434e,264
https://files.osf.io/v1/resources/5h7sv/providers/osfstorage/5839bc559ad5a1004c9f618c,265
https://files.osf.io/v1/resources/5h7sv/providers/osfstorage/5839bc4c594d9000461f6cf8,266
https://files.osf.io/v1/resources/5h7sv/providers/osfstorage/5839bc316c613b020c294249,267
https://files.osf.io/v1/resources/5h7sv/providers/osfstorage/5839bc27594d9000451f6cf4,268
https://files.osf.io/v1/resources/5h7sv/providers/osfstorage/5839bc1fb83f69020a168042,269
https://files.osf.io/v1/resources/5h7sv/providers/osfstorage/5839bda2594d9000451f6d03,27
https://files.osf.io/v1/resources/5h7sv/providers/osfstorage/5839bc1c6c613b021029425e,270
https://files.osf.io/v1/resources/5h7sv/providers/osfstorage/5839bc14594d9000441f6c73,274
https://files.osf.io/v1/resources/5h7sv/providers/osfstorage/5839bc096c613b021029425c,275
https://files.osf.io/v1/resources/5h7sv/providers/osfstorage/5839bc09b83f69020a168040,276
https://files.osf.io/v1/resources/5h7sv/providers/osfstorage/5839bbf29ad5a1004b9f612d,277
https://files.osf.io/v1/resources/5h7sv/providers/osfstorage/5839bbe4b83f69020d167f09,278
https://files.osf.io/v1/resources/5h7sv/providers/osfstorage/5839bbef6c613b02092941f1,279
https://files.osf.io/v1/resources/5h7sv/providers/osfstorage/5839bda46c613b02092941fe,28
https://files.osf.io/v1/resources/5h7sv/providers/osfstorage/5839bbcfb83f69020b167f29,280
https://files.osf.io/v1/resources/5h7sv/providers/osfstorage/5839bbd4b83f69020c167ffc,282
https://files.osf.io/v1/resources/5h7sv/providers/osfstorage/5839bbbab83f69020c167ff9,284
https://files.osf.io/v1/resources/5h7sv/providers/osfstorage/5839bbaf6c613b020d294318,285
https://files.osf.io/v1/resources/5h7sv/providers/osfstorage/5839bba99ad5a100459f6311,286
https://files.osf.io/v1/resources/5h7sv/providers/osfstorage/5839bb9d6c613b0210294256,287
https://files.osf.io/v1/resources/5h7sv/providers/osfstorage/5839bb92b83f69020a168039,288
https://files.osf.io/v1/resources/5h7sv/providers/osfstorage/5839bb886c613b020a2941f3,289
https://files.osf.io/v1/resources/5h7sv/providers/osfstorage/5839bd9a6c613b020f2942b1,29
https://files.osf.io/v1/resources/5h7sv/providers/osfstorage/5839bb819ad5a100479f60e5,290
https://files.osf.io/v1/resources/5h7sv/providers/osfstorage/5839bb6e594d9000451f6cf0,291
https://files.osf.io/v1/resources/5h7sv/providers/osfstorage/5839bb519ad5a100499f6189,292
https://files.osf.io/v1/resources/5h7sv/providers/osfstorage/5839bb49b83f69020d167f06,293
https://files.osf.io/v1/resources/5h7sv/providers/osfstorage/5839bb34b83f69020c167ff3,294
https://files.osf.io/v1/resources/5h7sv/providers/osfstorage/5839bb246c613b020e2943ad,295
https://files.osf.io/v1/resources/5h7sv/providers/osfstorage/5839bb1c6c613b020a2941ef,296
https://files.osf.io/v1/resources/5h7sv/providers/osfstorage/5839bb20594d9000471f6c3f,297
https://files.osf.io/v1/resources/5h7sv/providers/osfstorage/5839bb0a9ad5a1004a9f606d,298
https://files.osf.io/v1/resources/5h7sv/providers/osfstorage/5839bb0fb83f69020e167fe1,299
https://files.osf.io/v1/resources/5h7sv/providers/osfstorage/5839bd966c613b020a294207,30
https://files.osf.io/v1/resources/5h7sv/providers/osfstorage/5839baf76c613b02092941ec,300
https://files.osf.io/v1/resources/5h7sv/providers/osfstorage/5839bae7594d9000451f6cec,302
https://files.osf.io/v1/resources/5h7sv/providers/osfstorage/5839bae69ad5a100479f60e1,303
https://files.osf.io/v1/resources/5h7sv/providers/osfstorage/5839bacf6c613b02092941ea,304
https://files.osf.io/v1/resources/5h7sv/providers/osfstorage/5839baccb83f690209167eae,305
https://files.osf.io/v1/resources/5h7sv/providers/osfstorage/5839bab66c613b02092941e8,306
https://files.osf.io/v1/resources/5h7sv/providers/osfstorage/5839baa36c613b020c29423f,307
https://files.osf.io/v1/resources/5h7sv/providers/osfstorage/5839ba92594d9000491f6c45,308
https://files.osf.io/v1/resources/5h7sv/providers/osfstorage/5839ba8b6c613b0210294251,309
https://files.osf.io/v1/resources/5h7sv/providers/osfstorage/5839bd8db83f69020e167ff8,31
https://files.osf.io/v1/resources/5h7sv/providers/osfstorage/5839ba82b83f69020f167e89,310
https://files.osf.io/v1/resources/5h7sv/providers/osfstorage/5839ba83594d9000441f6c63,311
https://files.osf.io/v1/resources/5h7sv/providers/osfstorage/5839ba6e594d9000471f6c3a,312
https://files.osf.io/v1/resources/5h7sv/providers/osfstorage/5839ba669ad5a1004c9f617e,313
https://files.osf.io/v1/resources/5h7sv/providers/osfstorage/5839ba5d9ad5a100499f6180,314
https://files.osf.io/v1/resources/5h7sv/providers/osfstorage/5839ba559ad5a1004c9f617c,315
https://files.osf.io/v1/resources/5h7sv/providers/osfstorage/5839ba46594d9000461f6ce8,316
https://files.osf.io/v1/resources/5h7sv/providers/osfstorage/5839ba439ad5a100459f6306,317
https://files.osf.io/v1/resources/5h7sv/providers/osfstorage/5839ba3c594d9000471f6c38,318
https://files.osf.io/v1/resources/5h7sv/providers/osfstorage/5839ba366c613b020b294340,319
https://files.osf.io/v1/resources/5h7sv/providers/osfstorage/5839ba39594d9000481f6f10,320
https://files.osf.io/v1/resources/5h7sv/providers/osfstorage/5839ba30b83f69020e167fdb,321
https://files.osf.io/v1/resources/5h7sv/providers/osfstorage/5839ba269ad5a1004a9f6066,322
https://files.osf.io/v1/resources/5h7sv/providers/osfstorage/5839ba25594d9000431f6cc9,324
https://files.osf.io/v1/resources/5h7sv/providers/osfstorage/5839ba17594d9000481f6f0e,325
https://files.osf.io/v1/resources/5h7sv/providers/osfstorage/5839ba0b9ad5a100499f617d,326
https://files.osf.io/v1/resources/5h7sv/providers/osfstorage/5839ba0d9ad5a100479f60db,327
https://files.osf.io/v1/resources/5h7sv/providers/osfstorage/5839b9fd594d9000461f6ce5,328
https://files.osf.io/v1/resources/5h7sv/providers/osfstorage/5839b9f39ad5a1004b9f611f,329
https://files.osf.io/v1/resources/5h7sv/providers/osfstorage/5839be1a9ad5a100499f61bd,33
https://files.osf.io/v1/resources/5h7sv/providers/osfstorage/5839b9eb9ad5a100499f617b,330
https://files.osf.io/v1/resources/5h7sv/providers/osfstorage/5839b5ff594d9000471f6c1d,331
https://files.osf.io/v1/resources/5h7sv/providers/osfstorage/5839b8e8594d9000421f6cb3,332
https://files.osf.io/v1/resources/5h7sv/providers/osfstorage/5839b8e09ad5a100499f6170,333
https://files.osf.io/v1/resources/5h7sv/providers/osfstorage/5839b8dc9ad5a100459f62f7,334
https://files.osf.io/v1/resources/5h7sv/providers/osfstorage/5839b8da6c613b020e29438f,335
https://files.osf.io/v1/resources/5h7sv/providers/osfstorage/5839b8d39ad5a100499f616e,336
https://files.osf.io/v1/resources/5h7sv/providers/osfstorage/5839b8c89ad5a1004c9f616d,337
https://files.osf.io/v1/resources/5h7sv/providers/osfstorage/5839b8c19ad5a100469f6104,338
https://files.osf.io/v1/resources/5h7sv/providers/osfstorage/5839bdff9ad5a100469f611f,34
https://files.osf.io/v1/resources/5h7sv/providers/osfstorage/5839b8c59ad5a1004c9f616b,340
https://files.osf.io/v1/resources/5h7sv/providers/osfstorage/5839b8b7594d9000421f6cb1,341
https://files.osf.io/v1/resources/5h7sv/providers/osfstorage/5839b8b0594d9000451f6cde,342
https://files.osf.io/v1/resources/5h7sv/providers/osfstorage/5839b8a7594d9000471f6c34,344
https://files.osf.io/v1/resources/5h7sv/providers/osfstorage/5839b8a6594d9000431f6cc2,345
https://files.osf.io/v1/resources/5h7sv/providers/osfstorage/5839b8a0b83f69020d167ef9,347
https://files.osf.io/v1/resources/5h7sv/providers/osfstorage/5839b88b6c613b020e29438b,348
https://files.osf.io/v1/resources/5h7sv/providers/osfstorage/5839bd87594d9000431f6cd7,35
https://files.osf.io/v1/resources/5h7sv/providers/osfstorage/5839b88e9ad5a100469f6101,350
https://files.osf.io/v1/resources/5h7sv/providers/osfstorage/5839b87f9ad5a100489f624b,351
https://files.osf.io/v1/resources/5h7sv/providers/osfstorage/5839b87a6c613b020c294237,353
https://files.osf.io/v1/resources/5h7sv/providers/osfstorage/5839b878b83f69020e167fc8,354
https://files.osf.io/v1/resources/5h7sv/providers/osfstorage/5839b872594d9000451f6cda,356
https://files.osf.io/v1/resources/5h7sv/providers/osfstorage/5839b86bb83f69020a168018,357
https://files.osf.io/v1/resources/5h7sv/providers/osfstorage/5839b86a594d9000481f6ef5,358
https://files.osf.io/v1/resources/5h7sv/providers/osfstorage/5839b8639ad5a100459f62ef,359
https://files.osf.io/v1/resources/5h7sv/providers/osfstorage/5839bd7e6c613b020d294331,36
https://files.osf.io/v1/resources/5h7sv/providers/osfstorage/5839b85cb83f690209167e9d,360
https://files.osf.io/v1/resources/5h7sv/providers/osfstorage/5839b858594d9000461f6cd7,361
https://files.osf.io/v1/resources/5h7sv/providers/osfstorage/5839b855b83f69020e167fc6,362
https://files.osf.io/v1/resources/5h7sv/providers/osfstorage/5839b84e6c613b020a2941de,363
https://files.osf.io/v1/resources/5h7sv/providers/osfstorage/5839b84bb83f69020c167fdf,364
https://files.osf.io/v1/resources/5h7sv/providers/osfstorage/5839b840594d9000471f6c32,365
https://files.osf.io/v1/resources/5h7sv/providers/osfstorage/5839b83ab83f690210167eea,367
https://files.osf.io/v1/resources/5h7sv/providers/osfstorage/5839b83c9ad5a100499f616c,368
https://files.osf.io/v1/resources/5h7sv/providers/osfstorage/5839b83d9ad5a100489f6249,369
https://files.osf.io/v1/resources/5h7sv/providers/osfstorage/5839bd6c6c613b020f2942ad,37
https://files.osf.io/v1/resources/5h7sv/providers/osfstorage/5839b8379ad5a1004c9f6168,370
https://files.osf.io/v1/resources/5h7sv/providers/osfstorage/5839b6026c613b0210294230,371
https://files.osf.io/v1/resources/5h7sv/providers/osfstorage/5839b807b83f69020b167f16,372
https://files.osf.io/v1/resources/5h7sv/providers/osfstorage/5839b802b83f69020b167f14,373
https://files.osf.io/v1/resources/5h7sv/providers/osfstorage/5839b7fbb83f69020d167ef7,375
https://files.osf.io/v1/resources/5h7sv/providers/osfstorage/5839b7ef9ad5a1004b9f6111,376
https://files.osf.io/v1/resources/5h7sv/providers/osfstorage/5839b7e9b83f69020c167fdb,377
https://files.osf.io/v1/resources/5h7sv/providers/osfstorage/5839b6046c613b020c294229,378
https://files.osf.io/v1/resources/5h7sv/providers/osfstorage/5839b7c99ad5a100489f623f,379
https://files.osf.io/v1/resources/5h7sv/providers/osfstorage/5839bd69b83f690210167f06,38
https://files.osf.io/v1/resources/5h7sv/providers/osfstorage/5839b7c29ad5a1004c9f6164,380
https://files.osf.io/v1/resources/5h7sv/providers/osfstorage/5839b7b9594d9000451f6cd0,381
https://files.osf.io/v1/resources/5h7sv/providers/osfstorage/5839b7b8b83f69020d167ef2,382
https://files.osf.io/v1/resources/5h7sv/providers/osfstorage/5839b7afb83f69020e167fc4,383
https://files.osf.io/v1/resources/5h7sv/providers/osfstorage/5839b7a89ad5a100499f6166,384
https://files.osf.io/v1/resources/5h7sv/providers/osfstorage/5839b79b594d9000461f6cd3,385
https://files.osf.io/v1/resources/5h7sv/providers/osfstorage/5839b799b83f690210167ee4,386
https://files.osf.io/v1/resources/5h7sv/providers/osfstorage/5839b79bb83f69020c167fd8,387
https://files.osf.io/v1/resources/5h7sv/providers/osfstorage/5839b615b83f69020b167f09,388
https://files.osf.io/v1/resources/5h7sv/providers/osfstorage/5839b791b83f69020d167eee,389
https://files.osf.io/v1/resources/5h7sv/providers/osfstorage/5839bdfe9ad5a1004c9f6192,39
https://files.osf.io/v1/resources/5h7sv/providers/osfstorage/5839b78a6c613b020f29428e,390
https://files.osf.io/v1/resources/5h7sv/providers/osfstorage/5839b7849ad5a1004c9f6162,391
https://files.osf.io/v1/resources/5h7sv/providers/osfstorage/5839b78a594d9000491f6c35,392
https://files.osf.io/v1/resources/5h7sv/providers/osfstorage/5839b788b83f69020d167eec,393
https://files.osf.io/v1/resources/5h7sv/providers/osfstorage/5839b77d594d9000471f6c2e,394
https://files.osf.io/v1/resources/5h7sv/providers/osfstorage/5839b7816c613b020e294383,395
https://files.osf.io/v1/resources/5h7sv/providers/osfstorage/5839b776b83f69020c167fd6,396
https://files.osf.io/v1/resources/5h7sv/providers/osfstorage/5839b773b83f69020c167fd4,397
https://files.osf.io/v1/resources/5h7sv/providers/osfstorage/5839b7769ad5a1004a9f6059,398
https://files.osf.io/v1/resources/5h7sv/providers/osfstorage/5839b76e6c613b020b29432d,399
https://files.osf.io/v1/resources/5h7sv/providers/osfstorage/5839bd5ab83f69020a168048,40
https://files.osf.io/v1/resources/5h7sv/providers/osfstorage/5839b76e594d9000471f6c2c,400
https://files.osf.io/v1/resources/5h7sv/providers/osfstorage/5839b767b83f69020c167fd2,401
https://files.osf.io/v1/resources/5h7sv/providers/osfstorage/5839b7666c613b020e294381,402
https://files.osf.io/v1/resources/5h7sv/providers/osfstorage/5839b7619ad5a1004a9f6057,403
https://files.osf.io/v1/resources/5h7sv/providers/osfstorage/5839b75f6c613b020a2941da,404
https://files.osf.io/v1/resources/5h7sv/providers/osfstorage/5839b75f6c613b020a2941d8,405
https://files.osf.io/v1/resources/5h7sv/providers/osfstorage/5839b758b83f69020a168011,406
https://files.osf.io/v1/resources/5h7sv/providers/osfstorage/5839b7556c613b020c294231,407
https://files.osf.io/v1/resources/5h7sv/providers/osfstorage/5839b7519ad5a1004a9f6055,408
https://files.osf.io/v1/resources/5h7sv/providers/osfstorage/5839b74f6c613b020f29428b,409
https://files.osf.io/v1/resources/5h7sv/providers/osfstorage/5839bd5c9ad5a100459f6317,41
https://files.osf.io/v1/resources/5h7sv/providers/osfstorage/5839b74b594d9000451f6ccc,410
https://files.osf.io/v1/resources/5h7sv/providers/osfstorage/5839b753594d9000451f6cce,411
https://files.osf.io/v1/resources/5h7sv/providers/osfstorage/5839b7419ad5a100499f6162,412
https://files.osf.io/v1/resources/5h7sv/providers/osfstorage/5839b73b9ad5a1004b9f610d,413
https://files.osf.io/v1/resources/5h7sv/providers/osfstorage/5839b7389ad5a1004c9f6160,414
https://files.osf.io/v1/resources/5h7sv/providers/osfstorage/5839b7356c613b020c29422f,415
https://files.osf.io/v1/resources/5h7sv/providers/osfstorage/5839b72fb83f69020b167f12,416
https://files.osf.io/v1/resources/5h7sv/providers/osfstorage/5839b739b83f69020c167fd0,417
https://files.osf.io/v1/resources/5h7sv/providers/osfstorage/5839b7269ad5a100469f60f7,418
https://files.osf.io/v1/resources/5h7sv/providers/osfstorage/5839b7219ad5a1004c9f615e,419
https://files.osf.io/v1/resources/5h7sv/providers/osfstorage/5839bd549ad5a100499f61b9,42
https://files.osf.io/v1/resources/5h7sv/providers/osfstorage/5839b725594d9000451f6cc8,420
https://files.osf.io/v1/resources/5h7sv/providers/osfstorage/5839b724594d9000471f6c29,422
https://files.osf.io/v1/resources/5h7sv/providers/osfstorage/5839b722b83f69020e167fc0,423
https://files.osf.io/v1/resources/5h7sv/providers/osfstorage/5839b71bb83f69020e167fbe,424
https://files.osf.io/v1/resources/5h7sv/providers/osfstorage/5839b5fd594d9000451f6cbe,425
https://files.osf.io/v1/resources/5h7sv/providers/osfstorage/5839b712594d9000491f6c31,426
https://files.osf.io/v1/resources/5h7sv/providers/osfstorage/5839b711b83f69020a16800f,427
https://files.osf.io/v1/resources/5h7sv/providers/osfstorage/5839b70bb83f690209167e95,428
https://files.osf.io/v1/resources/5h7sv/providers/osfstorage/5839b70bb83f69020f167e7b,429
https://files.osf.io/v1/resources/5h7sv/providers/osfstorage/5839bd4f594d9000451f6cff,43
https://files.osf.io/v1/resources/5h7sv/providers/osfstorage/5839b70a6c613b02092941d2,430
https://files.osf.io/v1/resources/5h7sv/providers/osfstorage/5839b702594d9000471f6c25,431
https://files.osf.io/v1/resources/5h7sv/providers/osfstorage/5839b703594d9000471f6c27,432
https://files.osf.io/v1/resources/5h7sv/providers/osfstorage/5839b6f99ad5a1004a9f6051,433
https://files.osf.io/v1/resources/5h7sv/providers/osfstorage/5839b6fb9ad5a100469f60f5,434
https://files.osf.io/v1/resources/5h7sv/providers/osfstorage/5839bdb49ad5a100489f6277,435
https://files.osf.io/v1/resources/5h7sv/providers/osfstorage/5839bdb0594d9000471f6c4f,436
https://files.osf.io/v1/resources/5h7sv/providers/osfstorage/5839bd98b83f69020b167f33,437
https://files.osf.io/v1/resources/5h7sv/providers/osfstorage/5839bd87b83f69020e167ff6,438
https://files.osf.io/v1/resources/5h7sv/providers/osfstorage/5839bd7c6c613b020f2942af,439
https://files.osf.io/v1/resources/5h7sv/providers/osfstorage/5839bd43594d9000491f6c51,44
https://files.osf.io/v1/resources/5h7sv/providers/osfstorage/5839bd746c613b020e2943c0,440
https://files.osf.io/v1/resources/5h7sv/providers/osfstorage/5839bd63b83f69020a16804a,441
https://files.osf.io/v1/resources/5h7sv/providers/osfstorage/5839bd5a6c613b020e2943be,442
https://files.osf.io/v1/resources/5h7sv/providers/osfstorage/5839bd446c613b020d29432c,443
https://files.osf.io/v1/resources/5h7sv/providers/osfstorage/5839bd2c9ad5a100479f60ef,444
https://files.osf.io/v1/resources/5h7sv/providers/osfstorage/5839bd146c613b020c294251,445
https://files.osf.io/v1/resources/5h7sv/providers/osfstorage/5839bd119ad5a100499f61b7,446
https://files.osf.io/v1/resources/5h7sv/providers/osfstorage/5839bcfeb83f69020e167fed,447
https://files.osf.io/v1/resources/5h7sv/providers/osfstorage/5839bcf86c613b02092941f5,448
https://files.osf.io/v1/resources/5h7sv/providers/osfstorage/5839bceb594d9000481f6f2a,449
https://files.osf.io/v1/resources/5h7sv/providers/osfstorage/5839bd41b83f690209167ec2,45
https://files.osf.io/v1/resources/5h7sv/providers/osfstorage/5839bce39ad5a100489f626f,450
https://files.osf.io/v1/resources/5h7sv/providers/osfstorage/5839bce6594d9000451f6cf9,451
https://files.osf.io/v1/resources/5h7sv/providers/osfstorage/5839bcd3594d9000451f6cf7,452
https://files.osf.io/v1/resources/5h7sv/providers/osfstorage/5839bcc6b83f69020d167f0f,453
https://files.osf.io/v1/resources/5h7sv/providers/osfstorage/5839bcbf6c613b020d294323,454
https://files.osf.io/v1/resources/5h7sv/providers/osfstorage/5839bcb76c613b020f2942a8,455
https://files.osf.io/v1/resources/5h7sv/providers/osfstorage/5839bcae594d9000471f6c4c,456
https://files.osf.io/v1/resources/5h7sv/providers/osfstorage/5839bca5b83f69020b167f2e,457
https://files.osf.io/v1/resources/5h7sv/providers/osfstorage/5839bc92594d9000481f6f21,458
https://files.osf.io/v1/resources/5h7sv/providers/osfstorage/5839bc8e594d9000421f6cd0,459
https://files.osf.io/v1/resources/5h7sv/providers/osfstorage/5839bd379ad5a1004b9f6133,46
https://files.osf.io/v1/resources/5h7sv/providers/osfstorage/5839bc856c613b020a2941ff,460
https://files.osf.io/v1/resources/5h7sv/providers/osfstorage/5839bc7c594d9000471f6c4a,461
https://files.osf.io/v1/resources/5h7sv/providers/osfstorage/5839bdef6c613b020a29420b,462
https://files.osf.io/v1/resources/5h7sv/providers/osfstorage/5839bde4b83f69020c168001,463
https://files.osf.io/v1/resources/5h7sv/providers/osfstorage/5839bde26c613b020c294255,464
https://files.osf.io/v1/resources/5h7sv/providers/osfstorage/5839bc776c613b020a2941fd,465
https://files.osf.io/v1/resources/5h7sv/providers/osfstorage/5839bc606c613b020c29424c,467
https://files.osf.io/v1/resources/5h7sv/providers/osfstorage/5839bc509ad5a100469f6118,468
https://files.osf.io/v1/resources/5h7sv/providers/osfstorage/5839bde1b83f690209167ec6,469
https://files.osf.io/v1/resources/5h7sv/providers/osfstorage/5839bde2b83f69020c167fff,470
https://files.osf.io/v1/resources/5h7sv/providers/osfstorage/5839bdde594d9000471f6c52,473
https://files.osf.io/v1/resources/5h7sv/providers/osfstorage/5839bdcb594d9000481f6f32,474
https://files.osf.io/v1/resources/5h7sv/providers/osfstorage/5839bdc86c613b020d294338,475
https://files.osf.io/v1/resources/5h7sv/providers/osfstorage/5839bdcbb83f69020a16804c,476
https://files.osf.io/v1/resources/5h7sv/providers/osfstorage/5839bdc3b83f69020e167ffb,477
https://files.osf.io/v1/resources/5h7sv/providers/osfstorage/5839bdc39ad5a100469f611d,478
https://files.osf.io/v1/resources/5h7sv/providers/osfstorage/5839bc516c613b020e2943b4,479
https://files.osf.io/v1/resources/5h7sv/providers/osfstorage/5839bdff6c613b020b294357,48
https://files.osf.io/v1/resources/5h7sv/providers/osfstorage/5839bc31b83f690210167f00,480
https://files.osf.io/v1/resources/5h7sv/providers/osfstorage/5839bc226c613b0210294260,481
https://files.osf.io/v1/resources/5h7sv/providers/osfstorage/5839bc196c613b020a2941fb,482
https://files.osf.io/v1/resources/5h7sv/providers/osfstorage/5839bc0d9ad5a100489f626c,483
https://files.osf.io/v1/resources/5h7sv/providers/osfstorage/5839bc026c613b021029425a,484
https://files.osf.io/v1/resources/5h7sv/providers/osfstorage/5839bbfa6c613b020b29434a,485
https://files.osf.io/v1/resources/5h7sv/providers/osfstorage/5839bbe4b83f69020d167f0b,486
https://files.osf.io/v1/resources/5h7sv/providers/osfstorage/5839bbdf6c613b020a2941f6,487
https://files.osf.io/v1/resources/5h7sv/providers/osfstorage/5839bbd0b83f69020f167e8e,488
https://files.osf.io/v1/resources/5h7sv/providers/osfstorage/5839bbd29ad5a100469f6115,489
https://files.osf.io/v1/resources/5h7sv/providers/osfstorage/5839bdfe594d9000421f6cd4,49
https://files.osf.io/v1/resources/5h7sv/providers/osfstorage/5839bbbd9ad5a1004c9f6189,490
https://files.osf.io/v1/resources/5h7sv/providers/osfstorage/5839bbba6c613b0210294258,491
https://files.osf.io/v1/resources/5h7sv/providers/osfstorage/5839bbb3b83f690209167eb9,492
https://files.osf.io/v1/resources/5h7sv/providers/osfstorage/5839bba76c613b020f2942a3,493
https://files.osf.io/v1/resources/5h7sv/providers/osfstorage/5839bba39ad5a1004a9f6073,494
https://files.osf.io/v1/resources/5h7sv/providers/osfstorage/5839bb929ad5a100489f6265,495
https://files.osf.io/v1/resources/5h7sv/providers/osfstorage/5839bb8b594d9000481f6f16,496
https://files.osf.io/v1/resources/5h7sv/providers/osfstorage/5839bb876c613b020e2943b0,497
https://files.osf.io/v1/resources/5h7sv/providers/osfstorage/5839bb78b83f69020e167fe7,498
https://files.osf.io/v1/resources/5h7sv/providers/osfstorage/5839bb72594d9000421f6cc7,499
https://files.osf.io/v1/resources/5h7sv/providers/osfstorage/5839bd2b9ad5a1004a9f607b,50
https://files.osf.io/v1/resources/5h7sv/providers/osfstorage/5839bb68594d9000431f6cd2,500
https://files.osf.io/v1/resources/5h7sv/providers/osfstorage/5839bb60b83f690209167eb6,501
https://files.osf.io/v1/resources/5h7sv/providers/osfstorage/5839bb576c613b020f29429d,502
https://files.osf.io/v1/resources/5h7sv/providers/osfstorage/5839bb509ad5a100489f6263,503
https://files.osf.io/v1/resources/5h7sv/providers/osfstorage/5839bb4b9ad5a100499f6187,504
https://files.osf.io/v1/resources/5h7sv/providers/osfstorage/5839bb449ad5a1004c9f6186,505
https://files.osf.io/v1/resources/5h7sv/providers/osfstorage/5839bb3d9ad5a100459f630e,506
https://files.osf.io/v1/resources/5h7sv/providers/osfstorage/5839bb359ad5a100489f6261,507
https://files.osf.io/v1/resources/5h7sv/providers/osfstorage/5839bb2e9ad5a1004c9f6184,508
https://files.osf.io/v1/resources/5h7sv/providers/osfstorage/5839bd286c613b02092941f9,51
https://files.osf.io/v1/resources/5h7sv/providers/osfstorage/5839bb2bb83f69020e167fe3,510
https://files.osf.io/v1/resources/5h7sv/providers/osfstorage/5839bb186c613b020e2943aa,511
https://files.osf.io/v1/resources/5h7sv/providers/osfstorage/5839baff594d9000441f6c6a,512
https://files.osf.io/v1/resources/5h7sv/providers/osfstorage/5839baec594d9000421f6cc2,515
https://files.osf.io/v1/resources/5h7sv/providers/osfstorage/5839bafbb83f690209167eb0,516
https://files.osf.io/v1/resources/5h7sv/providers/osfstorage/5839bad06c613b020b294345,517
https://files.osf.io/v1/resources/5h7sv/providers/osfstorage/5839bab4594d9000491f6c47,518
https://files.osf.io/v1/resources/5h7sv/providers/osfstorage/5839b6036c613b020d2942f5,519
https://files.osf.io/v1/resources/5h7sv/providers/osfstorage/5839bdff9ad5a1004c9f6194,52
https://files.osf.io/v1/resources/5h7sv/providers/osfstorage/5839b8f0b83f69020a16801c,521
https://files.osf.io/v1/resources/5h7sv/providers/osfstorage/5839b8e79ad5a100489f624f,522
https://files.osf.io/v1/resources/5h7sv/providers/osfstorage/5839b8e1594d9000491f6c3c,523
https://files.osf.io/v1/resources/5h7sv/providers/osfstorage/5839b8e3b83f69020c167fe3,524
https://files.osf.io/v1/resources/5h7sv/providers/osfstorage/5839b8d06c613b021029423d,525
https://files.osf.io/v1/resources/5h7sv/providers/osfstorage/5839b8c86c613b020e29438d,526
https://files.osf.io/v1/resources/5h7sv/providers/osfstorage/5839b8c26c613b020d294306,527
https://files.osf.io/v1/resources/5h7sv/providers/osfstorage/5839b8bc6c613b020d294304,528
https://files.osf.io/v1/resources/5h7sv/providers/osfstorage/5839bd1eb83f69020a168046,53
https://files.osf.io/v1/resources/5h7sv/providers/osfstorage/5839b8abb83f690209167e9f,531
https://files.osf.io/v1/resources/5h7sv/providers/osfstorage/5839b8a46c613b020f294293,532
https://files.osf.io/v1/resources/5h7sv/providers/osfstorage/5839b89a9ad5a1004b9f6116,533
https://files.osf.io/v1/resources/5h7sv/providers/osfstorage/5839b8969ad5a100489f624d,534
https://files.osf.io/v1/resources/5h7sv/providers/osfstorage/5839b8906c613b02092941d9,535
https://files.osf.io/v1/resources/5h7sv/providers/osfstorage/5839b88c594d9000461f6cdd,536
https://files.osf.io/v1/resources/5h7sv/providers/osfstorage/5839b8899ad5a100459f62f3,537
https://files.osf.io/v1/resources/5h7sv/providers/osfstorage/5839b883594d9000481f6ef7,538
https://files.osf.io/v1/resources/5h7sv/providers/osfstorage/5839b87a9ad5a100459f62f1,539
https://files.osf.io/v1/resources/5h7sv/providers/osfstorage/5839bd0c9ad5a100489f6273,54
https://files.osf.io/v1/resources/5h7sv/providers/osfstorage/5839b872594d9000441f6c5a,541
https://files.osf.io/v1/resources/5h7sv/providers/osfstorage/5839b86b594d9000461f6cda,542
https://files.osf.io/v1/resources/5h7sv/providers/osfstorage/5839b861594d9000421f6cad,543
https://files.osf.io/v1/resources/5h7sv/providers/osfstorage/5839b856594d9000481f6ef3,544
https://files.osf.io/v1/resources/5h7sv/providers/osfstorage/5839b8516c613b02092941d7,546
https://files.osf.io/v1/resources/5h7sv/providers/osfstorage/5839b8479ad5a1004b9f6113,547
https://files.osf.io/v1/resources/5h7sv/providers/osfstorage/5839b83eb83f69020a168016,548
https://files.osf.io/v1/resources/5h7sv/providers/osfstorage/5839b82bb83f690210167ee8,549
https://files.osf.io/v1/resources/5h7sv/providers/osfstorage/5839bd026c613b02092941f7,55
https://files.osf.io/v1/resources/5h7sv/providers/osfstorage/5839b824594d9000481f6ef1,550
https://files.osf.io/v1/resources/5h7sv/providers/osfstorage/5839b820594d9000451f6cd7,551
https://files.osf.io/v1/resources/5h7sv/providers/osfstorage/5839b8226c613b020c294233,552
https://files.osf.io/v1/resources/5h7sv/providers/osfstorage/5839b81d594d9000451f6cd5,553
https://files.osf.io/v1/resources/5h7sv/providers/osfstorage/5839b8186c613b0210294239,554
https://files.osf.io/v1/resources/5h7sv/providers/osfstorage/5839b8159ad5a100489f6247,555
https://files.osf.io/v1/resources/5h7sv/providers/osfstorage/5839b812594d9000481f6eef,556
https://files.osf.io/v1/resources/5h7sv/providers/osfstorage/5839b80eb83f69020a168014,558
https://files.osf.io/v1/resources/5h7sv/providers/osfstorage/5839b8079ad5a100479f60d7,559
https://files.osf.io/v1/resources/5h7sv/providers/osfstorage/5839bcfe594d9000441f6c78,56
https://files.osf.io/v1/resources/5h7sv/providers/osfstorage/5839b8026c613b020d2942ff,560
https://files.osf.io/v1/resources/5h7sv/providers/osfstorage/5839b7efb83f69020d167ef5,561
https://files.osf.io/v1/resources/5h7sv/providers/osfstorage/5839b7e89ad5a100469f60fe,562
https://files.osf.io/v1/resources/5h7sv/providers/osfstorage/5839b7eb6c613b020d2942fd,563
https://files.osf.io/v1/resources/5h7sv/providers/osfstorage/5839b7de594d9000431f6cbb,565
https://files.osf.io/v1/resources/5h7sv/providers/osfstorage/5839b7dd6c613b020e294387,566
https://files.osf.io/v1/resources/5h7sv/providers/osfstorage/5839b7d79ad5a100459f62eb,567
https://files.osf.io/v1/resources/5h7sv/providers/osfstorage/5839b7d9594d9000431f6cb9,568
https://files.osf.io/v1/resources/5h7sv/providers/osfstorage/5839b7d79ad5a100489f6241,569
https://files.osf.io/v1/resources/5h7sv/providers/osfstorage/5839bce0594d9000491f6c4f,57
https://files.osf.io/v1/resources/5h7sv/providers/osfstorage/5839b7cf9ad5a100499f6168,571
https://files.osf.io/v1/resources/5h7sv/providers/osfstorage/5839b7c8594d9000461f6cd5,572
https://files.osf.io/v1/resources/5h7sv/providers/osfstorage/5839b7cf6c613b020d2942fb,573
https://files.osf.io/v1/resources/5h7sv/providers/osfstorage/5839b7c0594d9000471f6c30,574
https://files.osf.io/v1/resources/5h7sv/providers/osfstorage/5839b7b4594d9000421f6ca9,575
https://files.osf.io/v1/resources/5h7sv/providers/osfstorage/5839b7b19ad5a100459f62e9,576
https://files.osf.io/v1/resources/5h7sv/providers/osfstorage/5839b7a9594d9000441f6c54,577
https://files.osf.io/v1/resources/5h7sv/providers/osfstorage/5839b7a4b83f69020d167ef0,578
https://files.osf.io/v1/resources/5h7sv/providers/osfstorage/5839b7a39ad5a100469f60fb,579
https://files.osf.io/v1/resources/5h7sv/providers/osfstorage/5839bcd36c613b020c29424f,58
https://files.osf.io/v1/resources/5h7sv/providers/osfstorage/5839b790594d9000421f6ca7,582
https://files.osf.io/v1/resources/5h7sv/providers/osfstorage/5839b6159ad5a1004a9f604a,584
https://files.osf.io/v1/resources/5h7sv/providers/osfstorage/5839b6f36c613b02092941d0,585
https://files.osf.io/v1/resources/5h7sv/providers/osfstorage/5839b6f19ad5a100469f60f3,586
https://files.osf.io/v1/resources/5h7sv/providers/osfstorage/5839b6efb83f69020b167f10,587
https://files.osf.io/v1/resources/5h7sv/providers/osfstorage/5839b6ea594d9000441f6c4f,588
https://files.osf.io/v1/resources/5h7sv/providers/osfstorage/5839b6e6594d9000461f6cd0,589
https://files.osf.io/v1/resources/5h7sv/providers/osfstorage/5839bcbf9ad5a1004c9f618f,59
https://files.osf.io/v1/resources/5h7sv/providers/osfstorage/5839b6dd594d9000471f6c23,591
https://files.osf.io/v1/resources/5h7sv/providers/osfstorage/5839b6df6c613b020c29422b,592
https://files.osf.io/v1/resources/5h7sv/providers/osfstorage/5839b6dc6c613b020e29437e,593
https://files.osf.io/v1/resources/5h7sv/providers/osfstorage/5839b6da6c613b020e29437c,594
https://files.osf.io/v1/resources/5h7sv/providers/osfstorage/5839b6d49ad5a100479f60d1,595
https://files.osf.io/v1/resources/5h7sv/providers/osfstorage/5839b6cc9ad5a1004c9f615b,596
https://files.osf.io/v1/resources/5h7sv/providers/osfstorage/5839b6c8b83f69020d167ee7,597
https://files.osf.io/v1/resources/5h7sv/providers/osfstorage/5839b6c7b83f69020f167e79,598
https://files.osf.io/v1/resources/5h7sv/providers/osfstorage/5839b6c4b83f69020e167fbb,599
https://files.osf.io/v1/resources/5h7sv/providers/osfstorage/5839bca5594d9000461f6cfc,60
https://files.osf.io/v1/resources/5h7sv/providers/osfstorage/5839b6c56c613b0210294234,600
https://files.osf.io/v1/resources/5h7sv/providers/osfstorage/5839b6bab83f69020e167fb9,601
https://files.osf.io/v1/resources/5h7sv/providers/osfstorage/5839b6b7b83f69020d167ee5,603
https://files.osf.io/v1/resources/5h7sv/providers/osfstorage/5839b6b3594d9000451f6cc4,605
https://files.osf.io/v1/resources/5h7sv/providers/osfstorage/5839b6b26c613b020b29432b,606
https://files.osf.io/v1/resources/5h7sv/providers/osfstorage/5839b6b19ad5a100489f623b,607
https://files.osf.io/v1/resources/5h7sv/providers/osfstorage/5839b6adb83f69020e167fb7,608
https://files.osf.io/v1/resources/5h7sv/providers/osfstorage/5839b6a49ad5a100499f615f,609
https://files.osf.io/v1/resources/5h7sv/providers/osfstorage/5839bca26c613b020d294320,61
https://files.osf.io/v1/resources/5h7sv/providers/osfstorage/5839b6ab9ad5a100489f6239,610
https://files.osf.io/v1/resources/5h7sv/providers/osfstorage/5839b6a5594d9000441f6c4a,611
https://files.osf.io/v1/resources/5h7sv/providers/osfstorage/5839b6a1594d9000421f6ca3,612
https://files.osf.io/v1/resources/5h7sv/providers/osfstorage/5839b69d6c613b020e29437a,613
https://files.osf.io/v1/resources/5h7sv/providers/osfstorage/5839b695594d9000421f6ca1,614
https://files.osf.io/v1/resources/5h7sv/providers/osfstorage/5839b6919ad5a1004c9f6158,616
https://files.osf.io/v1/resources/5h7sv/providers/osfstorage/5839b68bb83f69020f167e75,617
https://files.osf.io/v1/resources/5h7sv/providers/osfstorage/5839b6929ad5a100489f6237,618
https://files.osf.io/v1/resources/5h7sv/providers/osfstorage/5839b6939ad5a100469f60f1,619
https://files.osf.io/v1/resources/5h7sv/providers/osfstorage/5839bc91b83f69020f167e95,62
https://files.osf.io/v1/resources/5h7sv/providers/osfstorage/5839b6829ad5a100469f60ef,621
https://files.osf.io/v1/resources/5h7sv/providers/osfstorage/5839b6819ad5a100489f6235,622
https://files.osf.io/v1/resources/5h7sv/providers/osfstorage/5839b6779ad5a100499f615d,623
https://files.osf.io/v1/resources/5h7sv/providers/osfstorage/5839b676b83f690209167e8e,625
https://files.osf.io/v1/resources/5h7sv/providers/osfstorage/5839b676b83f690209167e90,626
https://files.osf.io/v1/resources/5h7sv/providers/osfstorage/5839b672b83f69020a16800b,627
https://files.osf.io/v1/resources/5h7sv/providers/osfstorage/5839b66e6c613b020f294287,629
https://files.osf.io/v1/resources/5h7sv/providers/osfstorage/5839bc8d594d9000421f6cce,63
https://files.osf.io/v1/resources/5h7sv/providers/osfstorage/5839b6626c613b020e294377,630
https://files.osf.io/v1/resources/5h7sv/providers/osfstorage/5839b663b83f69020f167e73,631
https://files.osf.io/v1/resources/5h7sv/providers/osfstorage/5839b660594d9000431f6cb4,632
https://files.osf.io/v1/resources/5h7sv/providers/osfstorage/5839b6629ad5a1004a9f604d,633
https://files.osf.io/v1/resources/5h7sv/providers/osfstorage/5839b6599ad5a100479f60ce,634
https://files.osf.io/v1/resources/5h7sv/providers/osfstorage/5839b65d594d9000441f6c46,635
https://files.osf.io/v1/resources/5h7sv/providers/osfstorage/5839b64f9ad5a1004c9f6155,636
https://files.osf.io/v1/resources/5h7sv/providers/osfstorage/5839b656594d9000491f6c2d,637
https://files.osf.io/v1/resources/5h7sv/providers/osfstorage/5839b650594d9000451f6cc2,638
https://files.osf.io/v1/resources/5h7sv/providers/osfstorage/5839b6419ad5a100459f62df,639
https://files.osf.io/v1/resources/5h7sv/providers/osfstorage/5839bc836c613b0210294268,64
https://files.osf.io/v1/resources/5h7sv/providers/osfstorage/5839b6469ad5a100489f6233,640
https://files.osf.io/v1/resources/5h7sv/providers/osfstorage/5839b6406c613b020b294329,641
https://files.osf.io/v1/resources/5h7sv/providers/osfstorage/5839b63fb83f69020b167f0d,642
https://files.osf.io/v1/resources/5h7sv/providers/osfstorage/5839b6469ad5a100489f6231,643
https://files.osf.io/v1/resources/5h7sv/providers/osfstorage/5839b62f594d9000461f6cce,644
https://files.osf.io/v1/resources/5h7sv/providers/osfstorage/5839b62c9ad5a100499f615b,646
https://files.osf.io/v1/resources/5h7sv/providers/osfstorage/5839b62c6c613b020f294283,648
https://files.osf.io/v1/resources/5h7sv/providers/osfstorage/5839bc7b6c613b020b294350,65
https://files.osf.io/v1/resources/5h7sv/providers/osfstorage/5839b631594d9000471f6c21,651
https://files.osf.io/v1/resources/5h7sv/providers/osfstorage/5839b6309ad5a100469f60ed,652
https://files.osf.io/v1/resources/5h7sv/providers/osfstorage/5839b61ab83f69020b167f0b,653
https://files.osf.io/v1/resources/5h7sv/providers/osfstorage/5839bc6f6c613b0210294266,66
https://files.osf.io/v1/resources/5h7sv/providers/osfstorage/5839b616594d9000471f6c1f,661
https://files.osf.io/v1/resources/5h7sv/providers/osfstorage/5839b61eb83f69020c167fcb,662
https://files.osf.io/v1/resources/5h7sv/providers/osfstorage/5839bc6fb83f69020f167e92,67
https://files.osf.io/v1/resources/5h7sv/providers/osfstorage/5839bc599ad5a100459f6314,68
https://files.osf.io/v1/resources/5h7sv/providers/osfstorage/5839bc41594d9000421f6ccb,69
https://files.osf.io/v1/resources/5h7sv/providers/osfstorage/5839bc369ad5a100499f618d,70
https://files.osf.io/v1/resources/5h7sv/providers/osfstorage/5839bc346c613b0210294263,71
https://files.osf.io/v1/resources/5h7sv/providers/osfstorage/5839bc339ad5a1004a9f6078,72
https://files.osf.io/v1/resources/5h7sv/providers/osfstorage/5839bc176c613b020d29431e,73
https://files.osf.io/v1/resources/5h7sv/providers/osfstorage/5839bc0f594d9000471f6c45,74
https://files.osf.io/v1/resources/5h7sv/providers/osfstorage/5839bc039ad5a100489f626a,75
https://files.osf.io/v1/resources/5h7sv/providers/osfstorage/5839bc006c613b020a2941f9,76
https://files.osf.io/v1/resources/5h7sv/providers/osfstorage/5839bbf9b83f69020a16803e,77
https://files.osf.io/v1/resources/5h7sv/providers/osfstorage/5839bbf1b83f69020b167f2b,78
https://files.osf.io/v1/resources/5h7sv/providers/osfstorage/5839bbe7594d9000471f6c43,79
https://files.osf.io/v1/resources/5h7sv/providers/osfstorage/5839bbd4b83f69020f167e90,80
https://files.osf.io/v1/resources/5h7sv/providers/osfstorage/5839bbbc594d9000471f6c41,81
https://files.osf.io/v1/resources/5h7sv/providers/osfstorage/5839bbba6c613b020e2943b2,83
https://files.osf.io/v1/resources/5h7sv/providers/osfstorage/5839bb9cb83f690210167efd,84
https://files.osf.io/v1/resources/5h7sv/providers/osfstorage/5839bb8f9ad5a1004b9f6129,85
https://files.osf.io/v1/resources/5h7sv/providers/osfstorage/5839bb839ad5a1004a9f6071,86
https://files.osf.io/v1/resources/5h7sv/providers/osfstorage/5839bb7f594d9000461f6cf2,87
https://files.osf.io/v1/resources/5h7sv/providers/osfstorage/5839bb71b83f69020e167fe5,88
https://files.osf.io/v1/resources/5h7sv/providers/osfstorage/5839bb6a6c613b020f2942a1,89
https://files.osf.io/v1/resources/5h7sv/providers/osfstorage/5839bb63594d9000421f6cc4,90
https://files.osf.io/v1/resources/5h7sv/providers/osfstorage/5839bb646c613b020f29429f,91
https://files.osf.io/v1/resources/5h7sv/providers/osfstorage/5839bb5a594d9000431f6cd0,92
https://files.osf.io/v1/resources/5h7sv/providers/osfstorage/5839bb4a9ad5a100469f6113,93
https://files.osf.io/v1/resources/5h7sv/providers/osfstorage/5839bb44b83f69020a168036,94
https://files.osf.io/v1/resources/5h7sv/providers/osfstorage/5839bb3bb83f690209167eb3,95
https://files.osf.io/v1/resources/5h7sv/providers/osfstorage/5839bb2a594d9000431f6cce,96
https://files.osf.io/v1/resources/5h7sv/providers/osfstorage/5839bb21594d9000461f6ced,97
https://files.osf.io/v1/resources/5h7sv/providers/osfstorage/5839bb0f6c613b020e2943a8,98
https://files.osf.io/v1/resources/5h7sv/providers/osfstorage/5839bb0a6c613b020c294241,99
