https://s3.amazonaws.com/fcp-indi/data/Projects/RocklandSample/RawData/A00040798/clg_2/mprage_siemens_defaced/mprage_siemens_defaced.nii.gz,A00040798
https://s3.amazonaws.com/fcp-indi/data/Projects/RocklandSample/RawData/A00040800/clg_2/mprage_siemens_defaced/mprage_siemens_defaced.nii.gz,A00040800
https://s3.amazonaws.com/fcp-indi/data/Projects/RocklandSample/RawData/A00040815/clg_2/mprage_siemens_defaced/mprage_siemens_defaced.nii.gz,A00040815
https://s3.amazonaws.com/fcp-indi/data/Projects/RocklandSample/RawData/A00043740/clg_2/mprage_siemens_defaced/mprage_siemens_defaced.nii.gz,A00043740
https://s3.amazonaws.com/fcp-indi/data/Projects/RocklandSample/RawData/A00043788/clg_2/mprage_siemens_defaced/mprage_siemens_defaced.nii.gz,A00043788
https://s3.amazonaws.com/fcp-indi/data/Projects/RocklandSample/RawData/A00050743/clg_2/mprage_siemens_defaced/mprage_siemens_defaced.nii.gz,A00050743
https://s3.amazonaws.com/fcp-indi/data/Projects/RocklandSample/RawData/A00050847/clg_2/mprage_siemens_defaced/mprage_siemens_defaced.nii.gz,A00050847
https://s3.amazonaws.com/fcp-indi/data/Projects/RocklandSample/RawData/A00050848/clg_2/mprage_siemens_defaced/mprage_siemens_defaced.nii.gz,A00050848
https://s3.amazonaws.com/fcp-indi/data/Projects/RocklandSample/RawData/A00051691/clg_2/mprage_siemens_defaced/mprage_siemens_defaced.nii.gz,A00051691
https://s3.amazonaws.com/fcp-indi/data/Projects/RocklandSample/RawData/A00051727/clg_2/mprage_siemens_defaced/mprage_siemens_defaced.nii.gz,A00051727
https://s3.amazonaws.com/fcp-indi/data/Projects/RocklandSample/RawData/A00052069/clg_2/mprage_siemens_defaced/mprage_siemens_defaced.nii.gz,A00052069
https://s3.amazonaws.com/fcp-indi/data/Projects/RocklandSample/RawData/A00052165/clg_2/mprage_siemens_defaced/mprage_siemens_defaced.nii.gz,A00052165
https://s3.amazonaws.com/fcp-indi/data/Projects/RocklandSample/RawData/A00052183/clg_2/mprage_siemens_defaced/mprage_siemens_defaced.nii.gz,A00052183
https://s3.amazonaws.com/fcp-indi/data/Projects/RocklandSample/RawData/A00052237/clg_2/mprage_siemens_defaced/mprage_siemens_defaced.nii.gz,A00052237
https://s3.amazonaws.com/fcp-indi/data/Projects/RocklandSample/RawData/A00052461/clg_2/mprage_siemens_defaced/mprage_siemens_defaced.nii.gz,A00052461
https://s3.amazonaws.com/fcp-indi/data/Projects/RocklandSample/RawData/A00053171/clg_2/mprage_siemens_defaced/mprage_siemens_defaced.nii.gz,A00053171
https://s3.amazonaws.com/fcp-indi/data/Projects/RocklandSample/RawData/A00053203/clg_2/mprage_siemens_defaced/mprage_siemens_defaced.nii.gz,A00053203
https://s3.amazonaws.com/fcp-indi/data/Projects/RocklandSample/RawData/A00053390/clg_2/mprage_siemens_defaced/mprage_siemens_defaced.nii.gz,A00053390
https://s3.amazonaws.com/fcp-indi/data/Projects/RocklandSample/RawData/A00053490/clg_2/mprage_siemens_defaced/mprage_siemens_defaced.nii.gz,A00053490
https://s3.amazonaws.com/fcp-indi/data/Projects/RocklandSample/RawData/A00053744/clg_2/mprage_siemens_defaced/mprage_siemens_defaced.nii.gz,A00053744
https://s3.amazonaws.com/fcp-indi/data/Projects/RocklandSample/RawData/A00053873/clg_2/mprage_siemens_defaced/mprage_siemens_defaced.nii.gz,A00053873
https://s3.amazonaws.com/fcp-indi/data/Projects/RocklandSample/RawData/A00054206/clg_2/mprage_siemens_defaced/mprage_siemens_defaced.nii.gz,A00054206
https://s3.amazonaws.com/fcp-indi/data/Projects/RocklandSample/RawData/A00054578/clg_2/mprage_siemens_defaced/mprage_siemens_defaced.nii.gz,A00054578
https://s3.amazonaws.com/fcp-indi/data/Projects/RocklandSample/RawData/A00054581/clg_2/mprage_siemens_defaced/mprage_siemens_defaced.nii.gz,A00054581
https://s3.amazonaws.com/fcp-indi/data/Projects/RocklandSample/RawData/A00055076/clg_2/mprage_siemens_defaced/mprage_siemens_defaced.nii.gz,A00055076
https://s3.amazonaws.com/fcp-indi/data/Projects/RocklandSample/RawData/A00055122/clg_2/mprage_siemens_defaced/mprage_siemens_defaced.nii.gz,A00055122
https://s3.amazonaws.com/fcp-indi/data/Projects/RocklandSample/RawData/A00055267/clg_2/mprage_siemens_defaced/mprage_siemens_defaced.nii.gz,A00055267
https://s3.amazonaws.com/fcp-indi/data/Projects/RocklandSample/RawData/A00055462/clg_2/mprage_siemens_defaced/mprage_siemens_defaced.nii.gz,A00055462
https://s3.amazonaws.com/fcp-indi/data/Projects/RocklandSample/RawData/A00055728/clg_2/mprage_siemens_defaced/mprage_siemens_defaced.nii.gz,A00055728
https://s3.amazonaws.com/fcp-indi/data/Projects/RocklandSample/RawData/A00055867/clg_2/mprage_siemens_defaced/mprage_siemens_defaced.nii.gz,A00055867
https://s3.amazonaws.com/fcp-indi/data/Projects/RocklandSample/RawData/A00055903/clg_2/mprage_siemens_defaced/mprage_siemens_defaced.nii.gz,A00055903
https://s3.amazonaws.com/fcp-indi/data/Projects/RocklandSample/RawData/A00055907/clg_2/mprage_siemens_defaced/mprage_siemens_defaced.nii.gz,A00055907
https://s3.amazonaws.com/fcp-indi/data/Projects/RocklandSample/RawData/A00055908/clg_2/mprage_siemens_defaced/mprage_siemens_defaced.nii.gz,A00055908
https://s3.amazonaws.com/fcp-indi/data/Projects/RocklandSample/RawData/A00055920/clg_2/mprage_siemens_defaced/mprage_siemens_defaced.nii.gz,A00055920
https://s3.amazonaws.com/fcp-indi/data/Projects/RocklandSample/RawData/A00055991/clg_2/mprage_siemens_defaced/mprage_siemens_defaced.nii.gz,A00055991
https://s3.amazonaws.com/fcp-indi/data/Projects/RocklandSample/RawData/A00056138/clg_2/mprage_siemens_defaced/mprage_siemens_defaced.nii.gz,A00056138
https://s3.amazonaws.com/fcp-indi/data/Projects/RocklandSample/RawData/A00056198/clg_2/mprage_siemens_defaced/mprage_siemens_defaced.nii.gz,A00056198
https://s3.amazonaws.com/fcp-indi/data/Projects/RocklandSample/RawData/A00056295/clg_2/mprage_siemens_defaced/mprage_siemens_defaced.nii.gz,A00056295
https://s3.amazonaws.com/fcp-indi/data/Projects/RocklandSample/RawData/A00056470/clg_2/mprage_siemens_defaced/mprage_siemens_defaced.nii.gz,A00056470
https://s3.amazonaws.com/fcp-indi/data/Projects/RocklandSample/RawData/A00056605/clg_2/mprage_siemens_defaced/mprage_siemens_defaced.nii.gz,A00056605
https://s3.amazonaws.com/fcp-indi/data/Projects/RocklandSample/RawData/A00056679/clg_2/mprage_siemens_defaced/mprage_siemens_defaced.nii.gz,A00056679
https://s3.amazonaws.com/fcp-indi/data/Projects/RocklandSample/RawData/A00056746/clg_2/mprage_siemens_defaced/mprage_siemens_defaced.nii.gz,A00056746
https://s3.amazonaws.com/fcp-indi/data/Projects/RocklandSample/RawData/A00056920/clg_2/mprage_siemens_defaced/mprage_siemens_defaced.nii.gz,A00056920
https://s3.amazonaws.com/fcp-indi/data/Projects/RocklandSample/RawData/A00040556/clg_2R/mprage_siemens_defaced/mprage_siemens_defaced.nii.gz,A00040556
https://s3.amazonaws.com/fcp-indi/data/Projects/RocklandSample/RawData/A00040800/clg_2R/mprage_siemens_defaced/mprage_siemens_defaced.nii.gz,A00040800
https://s3.amazonaws.com/fcp-indi/data/Projects/RocklandSample/RawData/A00043240/clg_2R/mprage_siemens_defaced/mprage_siemens_defaced.nii.gz,A00043240
https://s3.amazonaws.com/fcp-indi/data/Projects/RocklandSample/RawData/A00043740/clg_2R/mprage_siemens_defaced/mprage_siemens_defaced.nii.gz,A00043740
https://s3.amazonaws.com/fcp-indi/data/Projects/RocklandSample/RawData/A00043788/clg_2R/mprage_siemens_defaced/mprage_siemens_defaced.nii.gz,A00043788
https://s3.amazonaws.com/fcp-indi/data/Projects/RocklandSample/RawData/A00050848/clg_2R/mprage_siemens_defaced/mprage_siemens_defaced.nii.gz,A00050848
https://s3.amazonaws.com/fcp-indi/data/Projects/RocklandSample/RawData/A00051691/clg_2R/mprage_siemens_defaced/mprage_siemens_defaced.nii.gz,A00051691
https://s3.amazonaws.com/fcp-indi/data/Projects/RocklandSample/RawData/A00051727/clg_2R/mprage_siemens_defaced/mprage_siemens_defaced.nii.gz,A00051727
https://s3.amazonaws.com/fcp-indi/data/Projects/RocklandSample/RawData/A00052069/clg_2R/mprage_siemens_defaced/mprage_siemens_defaced.nii.gz,A00052069
https://s3.amazonaws.com/fcp-indi/data/Projects/RocklandSample/RawData/A00052165/clg_2R/mprage_siemens_defaced/mprage_siemens_defaced.nii.gz,A00052165
https://s3.amazonaws.com/fcp-indi/data/Projects/RocklandSample/RawData/A00052183/clg_2R/mprage_siemens_defaced/mprage_siemens_defaced.nii.gz,A00052183
https://s3.amazonaws.com/fcp-indi/data/Projects/RocklandSample/RawData/A00052461/clg_2R/mprage_siemens_defaced/mprage_siemens_defaced.nii.gz,A00052461
https://s3.amazonaws.com/fcp-indi/data/Projects/RocklandSample/RawData/A00053320/clg_2R/mprage_siemens_defaced/mprage_siemens_defaced.nii.gz,A00053320
https://s3.amazonaws.com/fcp-indi/data/Projects/RocklandSample/RawData/A00053390/clg_2R/mprage_siemens_defaced/mprage_siemens_defaced.nii.gz,A00053390
https://s3.amazonaws.com/fcp-indi/data/Projects/RocklandSample/RawData/A00053490/clg_2R/mprage_siemens_defaced/mprage_siemens_defaced.nii.gz,A00053490
https://s3.amazonaws.com/fcp-indi/data/Projects/RocklandSample/RawData/A00053744/clg_2R/mprage_siemens_defaced/mprage_siemens_defaced.nii.gz,A00053744
https://s3.amazonaws.com/fcp-indi/data/Projects/RocklandSample/RawData/A00053873/clg_2R/mprage_siemens_defaced/mprage_siemens_defaced.nii.gz,A00053873
https://s3.amazonaws.com/fcp-indi/data/Projects/RocklandSample/RawData/A00054206/clg_2R/mprage_siemens_defaced/mprage_siemens_defaced.nii.gz,A00054206
https://s3.amazonaws.com/fcp-indi/data/Projects/RocklandSample/RawData/A00054578/clg_2R/mprage_siemens_defaced/mprage_siemens_defaced.nii.gz,A00054578
https://s3.amazonaws.com/fcp-indi/data/Projects/RocklandSample/RawData/A00054581/clg_2R/mprage_siemens_defaced/mprage_siemens_defaced.nii.gz,A00054581
https://s3.amazonaws.com/fcp-indi/data/Projects/RocklandSample/RawData/A00055076/clg_2R/mprage_siemens_defaced/mprage_siemens_defaced.nii.gz,A00055076
https://s3.amazonaws.com/fcp-indi/data/Projects/RocklandSample/RawData/A00055122/clg_2R/mprage_siemens_defaced/mprage_siemens_defaced.nii.gz,A00055122
https://s3.amazonaws.com/fcp-indi/data/Projects/RocklandSample/RawData/A00055267/clg_2R/mprage_siemens_defaced/mprage_siemens_defaced.nii.gz,A00055267
https://s3.amazonaws.com/fcp-indi/data/Projects/RocklandSample/RawData/A00055462/clg_2R/mprage_siemens_defaced/mprage_siemens_defaced.nii.gz,A00055462
https://s3.amazonaws.com/fcp-indi/data/Projects/RocklandSample/RawData/A00055612/clg_2R/mprage_siemens_defaced/mprage_siemens_defaced.nii.gz,A00055612
https://s3.amazonaws.com/fcp-indi/data/Projects/RocklandSample/RawData/A00055693/clg_2R/mprage_siemens_defaced/mprage_siemens_defaced.nii.gz,A00055693
https://s3.amazonaws.com/fcp-indi/data/Projects/RocklandSample/RawData/A00055727/clg_2R/mprage_siemens_defaced/mprage_siemens_defaced.nii.gz,A00055727
https://s3.amazonaws.com/fcp-indi/data/Projects/RocklandSample/RawData/A00055728/clg_2R/mprage_siemens_defaced/mprage_siemens_defaced.nii.gz,A00055728
https://s3.amazonaws.com/fcp-indi/data/Projects/RocklandSample/RawData/A00055866/clg_2R/mprage_siemens_defaced/mprage_siemens_defaced.nii.gz,A00055866
https://s3.amazonaws.com/fcp-indi/data/Projects/RocklandSample/RawData/A00055867/clg_2R/mprage_siemens_defaced/mprage_siemens_defaced.nii.gz,A00055867
https://s3.amazonaws.com/fcp-indi/data/Projects/RocklandSample/RawData/A00055903/clg_2R/mprage_siemens_defaced/mprage_siemens_defaced.nii.gz,A00055903
https://s3.amazonaws.com/fcp-indi/data/Projects/RocklandSample/RawData/A00055907/clg_2R/mprage_siemens_defaced/mprage_siemens_defaced.nii.gz,A00055907
https://s3.amazonaws.com/fcp-indi/data/Projects/RocklandSample/RawData/A00055908/clg_2R/mprage_siemens_defaced/mprage_siemens_defaced.nii.gz,A00055908
https://s3.amazonaws.com/fcp-indi/data/Projects/RocklandSample/RawData/A00055920/clg_2R/mprage_siemens_defaced/mprage_siemens_defaced.nii.gz,A00055920
https://s3.amazonaws.com/fcp-indi/data/Projects/RocklandSample/RawData/A00055991/clg_2R/mprage_siemens_defaced/mprage_siemens_defaced.nii.gz,A00055991
https://s3.amazonaws.com/fcp-indi/data/Projects/RocklandSample/RawData/A00056022/clg_2R/mprage_siemens_defaced/mprage_siemens_defaced.nii.gz,A00056022
https://s3.amazonaws.com/fcp-indi/data/Projects/RocklandSample/RawData/A00056138/clg_2R/mprage_siemens_defaced/mprage_siemens_defaced.nii.gz,A00056138
https://s3.amazonaws.com/fcp-indi/data/Projects/RocklandSample/RawData/A00056198/clg_2R/mprage_siemens_defaced/mprage_siemens_defaced.nii.gz,A00056198
https://s3.amazonaws.com/fcp-indi/data/Projects/RocklandSample/RawData/A00056295/clg_2R/mprage_siemens_defaced/mprage_siemens_defaced.nii.gz,A00056295
https://s3.amazonaws.com/fcp-indi/data/Projects/RocklandSample/RawData/A00056307/clg_2R/mprage_siemens_defaced/mprage_siemens_defaced.nii.gz,A00056307
https://s3.amazonaws.com/fcp-indi/data/Projects/RocklandSample/RawData/A00056420/clg_2R/mprage_siemens_defaced/mprage_siemens_defaced.nii.gz,A00056420
https://s3.amazonaws.com/fcp-indi/data/Projects/RocklandSample/RawData/A00056470/clg_2R/mprage_siemens_defaced/mprage_siemens_defaced.nii.gz,A00056470
https://s3.amazonaws.com/fcp-indi/data/Projects/RocklandSample/RawData/A00056605/clg_2R/mprage_siemens_defaced/mprage_siemens_defaced.nii.gz,A00056605
https://s3.amazonaws.com/fcp-indi/data/Projects/RocklandSample/RawData/A00056679/clg_2R/mprage_siemens_defaced/mprage_siemens_defaced.nii.gz,A00056679
https://s3.amazonaws.com/fcp-indi/data/Projects/RocklandSample/RawData/A00056746/clg_2R/mprage_siemens_defaced/mprage_siemens_defaced.nii.gz,A00056746
https://s3.amazonaws.com/fcp-indi/data/Projects/RocklandSample/RawData/A00056920/clg_2R/mprage_siemens_defaced/mprage_siemens_defaced.nii.gz,A00056920
https://s3.amazonaws.com/fcp-indi/data/Projects/RocklandSample/RawData/A00018030/clg_4/mprage_siemens_defaced/mprage_siemens_defaced.nii.gz,A00018030
https://s3.amazonaws.com/fcp-indi/data/Projects/RocklandSample/RawData/A00027159/clg_4/mprage_siemens_defaced/mprage_siemens_defaced.nii.gz,A00027159
https://s3.amazonaws.com/fcp-indi/data/Projects/RocklandSample/RawData/A00027167/clg_4/mprage_siemens_defaced/mprage_siemens_defaced.nii.gz,A00027167
https://s3.amazonaws.com/fcp-indi/data/Projects/RocklandSample/RawData/A00027439/clg_4/mprage_siemens_defaced/mprage_siemens_defaced.nii.gz,A00027439
https://s3.amazonaws.com/fcp-indi/data/Projects/RocklandSample/RawData/A00031881/clg_4/mprage_siemens_defaced/mprage_siemens_defaced.nii.gz,A00031881
https://s3.amazonaws.com/fcp-indi/data/Projects/RocklandSample/RawData/A00033714/clg_4/mprage_siemens_defaced/mprage_siemens_defaced.nii.gz,A00033714
https://s3.amazonaws.com/fcp-indi/data/Projects/RocklandSample/RawData/A00034350/clg_4/mprage_siemens_defaced/mprage_siemens_defaced.nii.gz,A00034350
https://s3.amazonaws.com/fcp-indi/data/Projects/RocklandSample/RawData/A00035291/clg_4/mprage_siemens_defaced/mprage_siemens_defaced.nii.gz,A00035291
https://s3.amazonaws.com/fcp-indi/data/Projects/RocklandSample/RawData/A00035292/clg_4/mprage_siemens_defaced/mprage_siemens_defaced.nii.gz,A00035292
https://s3.amazonaws.com/fcp-indi/data/Projects/RocklandSample/RawData/A00035377/clg_4/mprage_siemens_defaced/mprage_siemens_defaced.nii.gz,A00035377
https://s3.amazonaws.com/fcp-indi/data/Projects/RocklandSample/RawData/A00035561/clg_4/mprage_siemens_defaced/mprage_siemens_defaced.nii.gz,A00035561
https://s3.amazonaws.com/fcp-indi/data/Projects/RocklandSample/RawData/A00035940/clg_4/mprage_siemens_defaced/mprage_siemens_defaced.nii.gz,A00035940
https://s3.amazonaws.com/fcp-indi/data/Projects/RocklandSample/RawData/A00035945/clg_4/mprage_siemens_defaced/mprage_siemens_defaced.nii.gz,A00035945
https://s3.amazonaws.com/fcp-indi/data/Projects/RocklandSample/RawData/A00039943/clg_4/mprage_siemens_defaced/mprage_siemens_defaced.nii.gz,A00039943
https://s3.amazonaws.com/fcp-indi/data/Projects/RocklandSample/RawData/A00040117/clg_4/mprage_siemens_defaced/mprage_siemens_defaced.nii.gz,A00040117
https://s3.amazonaws.com/fcp-indi/data/Projects/RocklandSample/RawData/A00018030/clg_4R/mprage_siemens_defaced/mprage_siemens_defaced.nii.gz,A00018030
https://s3.amazonaws.com/fcp-indi/data/Projects/RocklandSample/RawData/A00027159/clg_4R/mprage_siemens_defaced/mprage_siemens_defaced.nii.gz,A00027159
https://s3.amazonaws.com/fcp-indi/data/Projects/RocklandSample/RawData/A00027167/clg_4R/mprage_siemens_defaced/mprage_siemens_defaced.nii.gz,A00027167
https://s3.amazonaws.com/fcp-indi/data/Projects/RocklandSample/RawData/A00027439/clg_4R/mprage_siemens_defaced/mprage_siemens_defaced.nii.gz,A00027439
https://s3.amazonaws.com/fcp-indi/data/Projects/RocklandSample/RawData/A00031881/clg_4R/mprage_siemens_defaced/mprage_siemens_defaced.nii.gz,A00031881
https://s3.amazonaws.com/fcp-indi/data/Projects/RocklandSample/RawData/A00033714/clg_4R/mprage_siemens_defaced/mprage_siemens_defaced.nii.gz,A00033714
https://s3.amazonaws.com/fcp-indi/data/Projects/RocklandSample/RawData/A00034350/clg_4R/mprage_siemens_defaced/mprage_siemens_defaced.nii.gz,A00034350
https://s3.amazonaws.com/fcp-indi/data/Projects/RocklandSample/RawData/A00035292/clg_4R/mprage_siemens_defaced/mprage_siemens_defaced.nii.gz,A00035292
https://s3.amazonaws.com/fcp-indi/data/Projects/RocklandSample/RawData/A00035377/clg_4R/mprage_siemens_defaced/mprage_siemens_defaced.nii.gz,A00035377
https://s3.amazonaws.com/fcp-indi/data/Projects/RocklandSample/RawData/A00035561/clg_4R/mprage_siemens_defaced/mprage_siemens_defaced.nii.gz,A00035561
https://s3.amazonaws.com/fcp-indi/data/Projects/RocklandSample/RawData/A00035940/clg_4R/mprage_siemens_defaced/mprage_siemens_defaced.nii.gz,A00035940
https://s3.amazonaws.com/fcp-indi/data/Projects/RocklandSample/RawData/A00035945/clg_4R/mprage_siemens_defaced/mprage_siemens_defaced.nii.gz,A00035945
https://s3.amazonaws.com/fcp-indi/data/Projects/RocklandSample/RawData/A00039943/clg_4R/mprage_siemens_defaced/mprage_siemens_defaced.nii.gz,A00039943
https://s3.amazonaws.com/fcp-indi/data/Projects/RocklandSample/RawData/A00040117/clg_4R/mprage_siemens_defaced/mprage_siemens_defaced.nii.gz,A00040117
https://s3.amazonaws.com/fcp-indi/data/Projects/RocklandSample/RawData/A00018030/dsc_2/mprage_siemens_defaced/mprage_siemens_defaced.nii.gz,A00018030
https://s3.amazonaws.com/fcp-indi/data/Projects/RocklandSample/RawData/A00027159/dsc_2/mprage_siemens_defaced/mprage_siemens_defaced.nii.gz,A00027159
https://s3.amazonaws.com/fcp-indi/data/Projects/RocklandSample/RawData/A00027167/dsc_2/mprage_siemens_defaced/mprage_siemens_defaced.nii.gz,A00027167
https://s3.amazonaws.com/fcp-indi/data/Projects/RocklandSample/RawData/A00027439/dsc_2/mprage_siemens_defaced/mprage_siemens_defaced.nii.gz,A00027439
https://s3.amazonaws.com/fcp-indi/data/Projects/RocklandSample/RawData/A00028185/dsc_2/mprage_siemens_defaced/mprage_siemens_defaced.nii.gz,A00028185
https://s3.amazonaws.com/fcp-indi/data/Projects/RocklandSample/RawData/A00028352/dsc_2/mprage_siemens_music_only_defaced/mprage_siemens_music_only_defaced.nii.gz,A00028352
https://s3.amazonaws.com/fcp-indi/data/Projects/RocklandSample/RawData/A00031578/dsc_2/mprage_siemens_defaced/mprage_siemens_defaced.nii.gz,A00031578
https://s3.amazonaws.com/fcp-indi/data/Projects/RocklandSample/RawData/A00031881/dsc_2/mprage_siemens_defaced/mprage_siemens_defaced.nii.gz,A00031881
https://s3.amazonaws.com/fcp-indi/data/Projects/RocklandSample/RawData/A00033714/dsc_2/mprage_siemens_defaced/mprage_siemens_defaced.nii.gz,A00033714
https://s3.amazonaws.com/fcp-indi/data/Projects/RocklandSample/RawData/A00033747/dsc_2/mprage_siemens_defaced/mprage_siemens_defaced.nii.gz,A00033747
https://s3.amazonaws.com/fcp-indi/data/Projects/RocklandSample/RawData/A00034350/dsc_2/mprage_siemens_defaced/mprage_siemens_defaced.nii.gz,A00034350
https://s3.amazonaws.com/fcp-indi/data/Projects/RocklandSample/RawData/A00035072/dsc_2/mprage_siemens_defaced/mprage_siemens_defaced.nii.gz,A00035072
https://s3.amazonaws.com/fcp-indi/data/Projects/RocklandSample/RawData/A00035291/dsc_2/mprage_siemens_defaced/mprage_siemens_defaced.nii.gz,A00035291
https://s3.amazonaws.com/fcp-indi/data/Projects/RocklandSample/RawData/A00035292/dsc_2/mprage_siemens_defaced/mprage_siemens_defaced.nii.gz,A00035292
https://s3.amazonaws.com/fcp-indi/data/Projects/RocklandSample/RawData/A00035377/dsc_2/mprage_siemens_defaced/mprage_siemens_defaced.nii.gz,A00035377
https://s3.amazonaws.com/fcp-indi/data/Projects/RocklandSample/RawData/A00035561/dsc_2/mprage_siemens_defaced/mprage_siemens_defaced.nii.gz,A00035561
https://s3.amazonaws.com/fcp-indi/data/Projects/RocklandSample/RawData/A00035827/dsc_2/mprage_siemens_defaced/mprage_siemens_defaced.nii.gz,A00035827
https://s3.amazonaws.com/fcp-indi/data/Projects/RocklandSample/RawData/A00035840/dsc_2/mprage_siemens_defaced/mprage_siemens_defaced.nii.gz,A00035840
https://s3.amazonaws.com/fcp-indi/data/Projects/RocklandSample/RawData/A00035940/dsc_2/mprage_siemens_defaced/mprage_siemens_defaced.nii.gz,A00035940
https://s3.amazonaws.com/fcp-indi/data/Projects/RocklandSample/RawData/A00035945/dsc_2/mprage_siemens_defaced/mprage_siemens_defaced.nii.gz,A00035945
https://s3.amazonaws.com/fcp-indi/data/Projects/RocklandSample/RawData/A00037112/dsc_2/mprage_siemens_defaced/mprage_siemens_defaced.nii.gz,A00037112
https://s3.amazonaws.com/fcp-indi/data/Projects/RocklandSample/RawData/A00037125/dsc_2/mprage_siemens_defaced/mprage_siemens_defaced.nii.gz,A00037125
https://s3.amazonaws.com/fcp-indi/data/Projects/RocklandSample/RawData/A00037511/dsc_2/mprage_siemens_defaced/mprage_siemens_defaced.nii.gz,A00037511
https://s3.amazonaws.com/fcp-indi/data/Projects/RocklandSample/RawData/A00037848/dsc_2/mprage_siemens_defaced/mprage_siemens_defaced.nii.gz,A00037848
https://s3.amazonaws.com/fcp-indi/data/Projects/RocklandSample/RawData/A00037877/dsc_2/mprage_siemens_defaced/mprage_siemens_defaced.nii.gz,A00037877
https://s3.amazonaws.com/fcp-indi/data/Projects/RocklandSample/RawData/A00038189/dsc_2/mprage_siemens_defaced/mprage_siemens_defaced.nii.gz,A00038189
https://s3.amazonaws.com/fcp-indi/data/Projects/RocklandSample/RawData/A00038411/dsc_2/mprage_siemens_defaced/mprage_siemens_defaced.nii.gz,A00038411
https://s3.amazonaws.com/fcp-indi/data/Projects/RocklandSample/RawData/A00038414/dsc_2/mprage_siemens_defaced/mprage_siemens_defaced.nii.gz,A00038414
https://s3.amazonaws.com/fcp-indi/data/Projects/RocklandSample/RawData/A00038424/dsc_2/mprage_siemens_defaced/mprage_siemens_defaced.nii.gz,A00038424
https://s3.amazonaws.com/fcp-indi/data/Projects/RocklandSample/RawData/A00038519/dsc_2/mprage_siemens_defaced/mprage_siemens_defaced.nii.gz,A00038519
https://s3.amazonaws.com/fcp-indi/data/Projects/RocklandSample/RawData/A00038520/dsc_2/mprage_siemens_defaced/mprage_siemens_defaced.nii.gz,A00038520
https://s3.amazonaws.com/fcp-indi/data/Projects/RocklandSample/RawData/A00038522/dsc_2/mprage_siemens_defaced/mprage_siemens_defaced.nii.gz,A00038522
https://s3.amazonaws.com/fcp-indi/data/Projects/RocklandSample/RawData/A00038605/dsc_2/mprage_siemens_defaced/mprage_siemens_defaced.nii.gz,A00038605
https://s3.amazonaws.com/fcp-indi/data/Projects/RocklandSample/RawData/A00038616/dsc_2/mprage_siemens_defaced/mprage_siemens_defaced.nii.gz,A00038616
https://s3.amazonaws.com/fcp-indi/data/Projects/RocklandSample/RawData/A00038623/dsc_2/mprage_siemens_defaced/mprage_siemens_defaced.nii.gz,A00038623
https://s3.amazonaws.com/fcp-indi/data/Projects/RocklandSample/RawData/A00038642/dsc_2/mprage_siemens_defaced/mprage_siemens_defaced.nii.gz,A00038642
https://s3.amazonaws.com/fcp-indi/data/Projects/RocklandSample/RawData/A00038706/dsc_2/mprage_siemens_defaced/mprage_siemens_defaced.nii.gz,A00038706
https://s3.amazonaws.com/fcp-indi/data/Projects/RocklandSample/RawData/A00038718/dsc_2/mprage_siemens_defaced/mprage_siemens_defaced.nii.gz,A00038718
https://s3.amazonaws.com/fcp-indi/data/Projects/RocklandSample/RawData/A00038731/dsc_2/mprage_siemens_defaced/mprage_siemens_defaced.nii.gz,A00038731
https://s3.amazonaws.com/fcp-indi/data/Projects/RocklandSample/RawData/A00038805/dsc_2/mprage_siemens_defaced/mprage_siemens_defaced.nii.gz,A00038805
https://s3.amazonaws.com/fcp-indi/data/Projects/RocklandSample/RawData/A00038806/dsc_2/mprage_siemens_defaced/mprage_siemens_defaced.nii.gz,A00038806
https://s3.amazonaws.com/fcp-indi/data/Projects/RocklandSample/RawData/A00038817/dsc_2/mprage_siemens_defaced/mprage_siemens_defaced.nii.gz,A00038817
https://s3.amazonaws.com/fcp-indi/data/Projects/RocklandSample/RawData/A00038831/dsc_2/mprage_siemens_defaced/mprage_siemens_defaced.nii.gz,A00038831
https://s3.amazonaws.com/fcp-indi/data/Projects/RocklandSample/RawData/A00038832/dsc_2/mprage_siemens_defaced/mprage_siemens_defaced.nii.gz,A00038832
https://s3.amazonaws.com/fcp-indi/data/Projects/RocklandSample/RawData/A00038957/dsc_2/mprage_siemens_defaced/mprage_siemens_defaced.nii.gz,A00038957
https://s3.amazonaws.com/fcp-indi/data/Projects/RocklandSample/RawData/A00038959/dsc_2/mprage_siemens_defaced/mprage_siemens_defaced.nii.gz,A00038959
https://s3.amazonaws.com/fcp-indi/data/Projects/RocklandSample/RawData/A00038998/dsc_2/mprage_siemens_defaced/mprage_siemens_defaced.nii.gz,A00038998
https://s3.amazonaws.com/fcp-indi/data/Projects/RocklandSample/RawData/A00039040/dsc_2/mprage_siemens_defaced/mprage_siemens_defaced.nii.gz,A00039040
https://s3.amazonaws.com/fcp-indi/data/Projects/RocklandSample/RawData/A00039041/dsc_2/mprage_siemens_defaced/mprage_siemens_defaced.nii.gz,A00039041
https://s3.amazonaws.com/fcp-indi/data/Projects/RocklandSample/RawData/A00039074/dsc_2/mprage_siemens_defaced/mprage_siemens_defaced.nii.gz,A00039074
https://s3.amazonaws.com/fcp-indi/data/Projects/RocklandSample/RawData/A00039075/dsc_2/mprage_siemens_defaced/mprage_siemens_defaced.nii.gz,A00039075
https://s3.amazonaws.com/fcp-indi/data/Projects/RocklandSample/RawData/A00039083/dsc_2/mprage_siemens_defaced/mprage_siemens_defaced.nii.gz,A00039083
https://s3.amazonaws.com/fcp-indi/data/Projects/RocklandSample/RawData/A00039118/dsc_2/mprage_siemens_defaced/mprage_siemens_defaced.nii.gz,A00039118
https://s3.amazonaws.com/fcp-indi/data/Projects/RocklandSample/RawData/A00039143/dsc_2/mprage_siemens_defaced/mprage_siemens_defaced.nii.gz,A00039143
https://s3.amazonaws.com/fcp-indi/data/Projects/RocklandSample/RawData/A00039159/dsc_2/mprage_siemens_defaced/mprage_siemens_defaced.nii.gz,A00039159
https://s3.amazonaws.com/fcp-indi/data/Projects/RocklandSample/RawData/A00039168/dsc_2/mprage_siemens_defaced/mprage_siemens_defaced.nii.gz,A00039168
https://s3.amazonaws.com/fcp-indi/data/Projects/RocklandSample/RawData/A00039218/dsc_2/mprage_siemens_defaced/mprage_siemens_defaced.nii.gz,A00039218
https://s3.amazonaws.com/fcp-indi/data/Projects/RocklandSample/RawData/A00039249/dsc_2/mprage_siemens_defaced/mprage_siemens_defaced.nii.gz,A00039249
https://s3.amazonaws.com/fcp-indi/data/Projects/RocklandSample/RawData/A00039257/dsc_2/mprage_siemens_defaced/mprage_siemens_defaced.nii.gz,A00039257
https://s3.amazonaws.com/fcp-indi/data/Projects/RocklandSample/RawData/A00039276/dsc_2/mprage_siemens_defaced/mprage_siemens_defaced.nii.gz,A00039276
https://s3.amazonaws.com/fcp-indi/data/Projects/RocklandSample/RawData/A00039331/dsc_2/mprage_siemens_defaced/mprage_siemens_defaced.nii.gz,A00039331
https://s3.amazonaws.com/fcp-indi/data/Projects/RocklandSample/RawData/A00039353/dsc_2/mprage_siemens_defaced/mprage_siemens_defaced.nii.gz,A00039353
https://s3.amazonaws.com/fcp-indi/data/Projects/RocklandSample/RawData/A00039391/dsc_2/mprage_siemens_defaced/mprage_siemens_defaced.nii.gz,A00039391
https://s3.amazonaws.com/fcp-indi/data/Projects/RocklandSample/RawData/A00039393/dsc_2/mprage_siemens_defaced/mprage_siemens_defaced.nii.gz,A00039393
https://s3.amazonaws.com/fcp-indi/data/Projects/RocklandSample/RawData/A00039431/dsc_2/mprage_siemens_defaced/mprage_siemens_defaced.nii.gz,A00039431
https://s3.amazonaws.com/fcp-indi/data/Projects/RocklandSample/RawData/A00039432/dsc_2/mprage_siemens_defaced/mprage_siemens_defaced.nii.gz,A00039432
https://s3.amazonaws.com/fcp-indi/data/Projects/RocklandSample/RawData/A00039461/dsc_2/mprage_siemens_defaced/mprage_siemens_defaced.nii.gz,A00039461
https://s3.amazonaws.com/fcp-indi/data/Projects/RocklandSample/RawData/A00039463/dsc_2/mprage_siemens_defaced/mprage_siemens_defaced.nii.gz,A00039463
https://s3.amazonaws.com/fcp-indi/data/Projects/RocklandSample/RawData/A00039488/dsc_2/mprage_siemens_defaced/mprage_siemens_defaced.nii.gz,A00039488
https://s3.amazonaws.com/fcp-indi/data/Projects/RocklandSample/RawData/A00039490/dsc_2/mprage_siemens_defaced/mprage_siemens_defaced.nii.gz,A00039490
https://s3.amazonaws.com/fcp-indi/data/Projects/RocklandSample/RawData/A00039500/dsc_2/mprage_siemens_defaced/mprage_siemens_defaced.nii.gz,A00039500
https://s3.amazonaws.com/fcp-indi/data/Projects/RocklandSample/RawData/A00039559/dsc_2/mprage_siemens_defaced/mprage_siemens_defaced.nii.gz,A00039559
https://s3.amazonaws.com/fcp-indi/data/Projects/RocklandSample/RawData/A00039560/dsc_2/mprage_siemens_defaced/mprage_siemens_defaced.nii.gz,A00039560
https://s3.amazonaws.com/fcp-indi/data/Projects/RocklandSample/RawData/A00039593/dsc_2/mprage_siemens_defaced/mprage_siemens_defaced.nii.gz,A00039593
https://s3.amazonaws.com/fcp-indi/data/Projects/RocklandSample/RawData/A00039607/dsc_2/mprage_siemens_defaced/mprage_siemens_defaced.nii.gz,A00039607
https://s3.amazonaws.com/fcp-indi/data/Projects/RocklandSample/RawData/A00039635/dsc_2/mprage_siemens_defaced/mprage_siemens_defaced.nii.gz,A00039635
https://s3.amazonaws.com/fcp-indi/data/Projects/RocklandSample/RawData/A00039636/dsc_2/mprage_siemens_defaced/mprage_siemens_defaced.nii.gz,A00039636
https://s3.amazonaws.com/fcp-indi/data/Projects/RocklandSample/RawData/A00039639/dsc_2/mprage_siemens_defaced/mprage_siemens_defaced.nii.gz,A00039639
https://s3.amazonaws.com/fcp-indi/data/Projects/RocklandSample/RawData/A00039640/dsc_2/mprage_siemens_defaced/mprage_siemens_defaced.nii.gz,A00039640
https://s3.amazonaws.com/fcp-indi/data/Projects/RocklandSample/RawData/A00039655/dsc_2/mprage_siemens_defaced/mprage_siemens_defaced.nii.gz,A00039655
https://s3.amazonaws.com/fcp-indi/data/Projects/RocklandSample/RawData/A00039657/dsc_2/mprage_siemens_defaced/mprage_siemens_defaced.nii.gz,A00039657
https://s3.amazonaws.com/fcp-indi/data/Projects/RocklandSample/RawData/A00039669/dsc_2/mprage_siemens_defaced/mprage_siemens_defaced.nii.gz,A00039669
https://s3.amazonaws.com/fcp-indi/data/Projects/RocklandSample/RawData/A00039685/dsc_2/mprage_siemens_defaced/mprage_siemens_defaced.nii.gz,A00039685
https://s3.amazonaws.com/fcp-indi/data/Projects/RocklandSample/RawData/A00039686/dsc_2/mprage_siemens_defaced/mprage_siemens_defaced.nii.gz,A00039686
https://s3.amazonaws.com/fcp-indi/data/Projects/RocklandSample/RawData/A00039699/dsc_2/mprage_siemens_defaced/mprage_siemens_defaced.nii.gz,A00039699
https://s3.amazonaws.com/fcp-indi/data/Projects/RocklandSample/RawData/A00039700/dsc_2/mprage_siemens_defaced/mprage_siemens_defaced.nii.gz,A00039700
https://s3.amazonaws.com/fcp-indi/data/Projects/RocklandSample/RawData/A00039755/dsc_2/mprage_siemens_defaced/mprage_siemens_defaced.nii.gz,A00039755
https://s3.amazonaws.com/fcp-indi/data/Projects/RocklandSample/RawData/A00039758/dsc_2/mprage_siemens_defaced/mprage_siemens_defaced.nii.gz,A00039758
https://s3.amazonaws.com/fcp-indi/data/Projects/RocklandSample/RawData/A00039783/dsc_2/mprage_siemens_defaced/mprage_siemens_defaced.nii.gz,A00039783
https://s3.amazonaws.com/fcp-indi/data/Projects/RocklandSample/RawData/A00039819/dsc_2/mprage_siemens_defaced/mprage_siemens_defaced.nii.gz,A00039819
https://s3.amazonaws.com/fcp-indi/data/Projects/RocklandSample/RawData/A00039820/dsc_2/mprage_siemens_defaced/mprage_siemens_defaced.nii.gz,A00039820
https://s3.amazonaws.com/fcp-indi/data/Projects/RocklandSample/RawData/A00039845/dsc_2/mprage_siemens_defaced/mprage_siemens_defaced.nii.gz,A00039845
https://s3.amazonaws.com/fcp-indi/data/Projects/RocklandSample/RawData/A00039846/dsc_2/mprage_siemens_defaced/mprage_siemens_defaced.nii.gz,A00039846
https://s3.amazonaws.com/fcp-indi/data/Projects/RocklandSample/RawData/A00039866/dsc_2/mprage_siemens_defaced/mprage_siemens_defaced.nii.gz,A00039866
https://s3.amazonaws.com/fcp-indi/data/Projects/RocklandSample/RawData/A00039895/dsc_2/mprage_siemens_defaced/mprage_siemens_defaced.nii.gz,A00039895
https://s3.amazonaws.com/fcp-indi/data/Projects/RocklandSample/RawData/A00039916/dsc_2/mprage_siemens_defaced/mprage_siemens_defaced.nii.gz,A00039916
https://s3.amazonaws.com/fcp-indi/data/Projects/RocklandSample/RawData/A00039923/dsc_2/mprage_siemens_defaced/mprage_siemens_defaced.nii.gz,A00039923
https://s3.amazonaws.com/fcp-indi/data/Projects/RocklandSample/RawData/A00039951/dsc_2/mprage_siemens_defaced/mprage_siemens_defaced.nii.gz,A00039951
https://s3.amazonaws.com/fcp-indi/data/Projects/RocklandSample/RawData/A00039952/dsc_2/mprage_siemens_defaced/mprage_siemens_defaced.nii.gz,A00039952
https://s3.amazonaws.com/fcp-indi/data/Projects/RocklandSample/RawData/A00039966/dsc_2/mprage_siemens_defaced/mprage_siemens_defaced.nii.gz,A00039966
https://s3.amazonaws.com/fcp-indi/data/Projects/RocklandSample/RawData/A00039974/dsc_2/mprage_siemens_defaced/mprage_siemens_defaced.nii.gz,A00039974
https://s3.amazonaws.com/fcp-indi/data/Projects/RocklandSample/RawData/A00040116/dsc_2/mprage_siemens_defaced/mprage_siemens_defaced.nii.gz,A00040116
https://s3.amazonaws.com/fcp-indi/data/Projects/RocklandSample/RawData/A00040151/dsc_2/mprage_siemens_defaced/mprage_siemens_defaced.nii.gz,A00040151
https://s3.amazonaws.com/fcp-indi/data/Projects/RocklandSample/RawData/A00040152/dsc_2/mprage_siemens_defaced/mprage_siemens_defaced.nii.gz,A00040152
https://s3.amazonaws.com/fcp-indi/data/Projects/RocklandSample/RawData/A00040174/dsc_2/mprage_siemens_defaced/mprage_siemens_defaced.nii.gz,A00040174
https://s3.amazonaws.com/fcp-indi/data/Projects/RocklandSample/RawData/A00040181/dsc_2/mprage_siemens_defaced/mprage_siemens_defaced.nii.gz,A00040181
https://s3.amazonaws.com/fcp-indi/data/Projects/RocklandSample/RawData/A00040182/dsc_2/mprage_siemens_defaced/mprage_siemens_defaced.nii.gz,A00040182
https://s3.amazonaws.com/fcp-indi/data/Projects/RocklandSample/RawData/A00040248/dsc_2/mprage_siemens_defaced/mprage_siemens_defaced.nii.gz,A00040248
https://s3.amazonaws.com/fcp-indi/data/Projects/RocklandSample/RawData/A00040257/dsc_2/mprage_siemens_defaced/mprage_siemens_defaced.nii.gz,A00040257
https://s3.amazonaws.com/fcp-indi/data/Projects/RocklandSample/RawData/A00040285/dsc_2/mprage_siemens_defaced/mprage_siemens_defaced.nii.gz,A00040285
https://s3.amazonaws.com/fcp-indi/data/Projects/RocklandSample/RawData/A00040286/dsc_2/mprage_siemens_defaced/mprage_siemens_defaced.nii.gz,A00040286
https://s3.amazonaws.com/fcp-indi/data/Projects/RocklandSample/RawData/A00040301/dsc_2/mprage_siemens_defaced/mprage_siemens_defaced.nii.gz,A00040301
https://s3.amazonaws.com/fcp-indi/data/Projects/RocklandSample/RawData/A00040311/dsc_2/mprage_siemens_defaced/mprage_siemens_defaced.nii.gz,A00040311
https://s3.amazonaws.com/fcp-indi/data/Projects/RocklandSample/RawData/A00040312/dsc_2/mprage_siemens_defaced/mprage_siemens_defaced.nii.gz,A00040312
https://s3.amazonaws.com/fcp-indi/data/Projects/RocklandSample/RawData/A00040324/dsc_2/mprage_siemens_defaced/mprage_siemens_defaced.nii.gz,A00040324
https://s3.amazonaws.com/fcp-indi/data/Projects/RocklandSample/RawData/A00040342/dsc_2/mprage_siemens_defaced/mprage_siemens_defaced.nii.gz,A00040342
https://s3.amazonaws.com/fcp-indi/data/Projects/RocklandSample/RawData/A00040343/dsc_2/mprage_siemens_defaced/mprage_siemens_defaced.nii.gz,A00040343
https://s3.amazonaws.com/fcp-indi/data/Projects/RocklandSample/RawData/A00040351/dsc_2/mprage_siemens_defaced/mprage_siemens_defaced.nii.gz,A00040351
https://s3.amazonaws.com/fcp-indi/data/Projects/RocklandSample/RawData/A00040382/dsc_2/mprage_siemens_defaced/mprage_siemens_defaced.nii.gz,A00040382
https://s3.amazonaws.com/fcp-indi/data/Projects/RocklandSample/RawData/A00040383/dsc_2/mprage_siemens_defaced/mprage_siemens_defaced.nii.gz,A00040383
https://s3.amazonaws.com/fcp-indi/data/Projects/RocklandSample/RawData/A00040439/dsc_2/mprage_siemens_defaced/mprage_siemens_defaced.nii.gz,A00040439
https://s3.amazonaws.com/fcp-indi/data/Projects/RocklandSample/RawData/A00040440/dsc_2/mprage_siemens_defaced/mprage_siemens_defaced.nii.gz,A00040440
https://s3.amazonaws.com/fcp-indi/data/Projects/RocklandSample/RawData/A00040461/dsc_2/mprage_siemens_defaced/mprage_siemens_defaced.nii.gz,A00040461
https://s3.amazonaws.com/fcp-indi/data/Projects/RocklandSample/RawData/A00040462/dsc_2/mprage_siemens_defaced/mprage_siemens_defaced.nii.gz,A00040462
https://s3.amazonaws.com/fcp-indi/data/Projects/RocklandSample/RawData/A00040493/dsc_2/mprage_siemens_defaced/mprage_siemens_defaced.nii.gz,A00040493
https://s3.amazonaws.com/fcp-indi/data/Projects/RocklandSample/RawData/A00040494/dsc_2/mprage_siemens_defaced/mprage_siemens_defaced.nii.gz,A00040494
https://s3.amazonaws.com/fcp-indi/data/Projects/RocklandSample/RawData/A00040500/dsc_2/mprage_siemens_defaced/mprage_siemens_defaced.nii.gz,A00040500
https://s3.amazonaws.com/fcp-indi/data/Projects/RocklandSample/RawData/A00040517/dsc_2/mprage_siemens_defaced/mprage_siemens_defaced.nii.gz,A00040517
https://s3.amazonaws.com/fcp-indi/data/Projects/RocklandSample/RawData/A00040524/dsc_2/mprage_siemens_defaced/mprage_siemens_defaced.nii.gz,A00040524
https://s3.amazonaws.com/fcp-indi/data/Projects/RocklandSample/RawData/A00040525/dsc_2/mprage_siemens_defaced/mprage_siemens_defaced.nii.gz,A00040525
https://s3.amazonaws.com/fcp-indi/data/Projects/RocklandSample/RawData/A00040556/dsc_2/mprage_siemens_defaced/mprage_siemens_defaced.nii.gz,A00040556
https://s3.amazonaws.com/fcp-indi/data/Projects/RocklandSample/RawData/A00040567/dsc_2/mprage_siemens_defaced/mprage_siemens_defaced.nii.gz,A00040567
https://s3.amazonaws.com/fcp-indi/data/Projects/RocklandSample/RawData/A00040573/dsc_2/mprage_siemens_defaced/mprage_siemens_defaced.nii.gz,A00040573
https://s3.amazonaws.com/fcp-indi/data/Projects/RocklandSample/RawData/A00040580/dsc_2/mprage_siemens_defaced/mprage_siemens_defaced.nii.gz,A00040580
https://s3.amazonaws.com/fcp-indi/data/Projects/RocklandSample/RawData/A00040594/dsc_2/mprage_siemens_defaced/mprage_siemens_defaced.nii.gz,A00040594
https://s3.amazonaws.com/fcp-indi/data/Projects/RocklandSample/RawData/A00040599/dsc_2/mprage_siemens_defaced/mprage_siemens_defaced.nii.gz,A00040599
https://s3.amazonaws.com/fcp-indi/data/Projects/RocklandSample/RawData/A00040623/dsc_2/mprage_siemens_defaced/mprage_siemens_defaced.nii.gz,A00040623
https://s3.amazonaws.com/fcp-indi/data/Projects/RocklandSample/RawData/A00040628/dsc_2/mprage_siemens_defaced/mprage_siemens_defaced.nii.gz,A00040628
https://s3.amazonaws.com/fcp-indi/data/Projects/RocklandSample/RawData/A00040629/dsc_2/mprage_siemens_defaced/mprage_siemens_defaced.nii.gz,A00040629
https://s3.amazonaws.com/fcp-indi/data/Projects/RocklandSample/RawData/A00040678/dsc_2/mprage_siemens_defaced/mprage_siemens_defaced.nii.gz,A00040678
https://s3.amazonaws.com/fcp-indi/data/Projects/RocklandSample/RawData/A00040740/dsc_2/mprage_siemens_defaced/mprage_siemens_defaced.nii.gz,A00040740
https://s3.amazonaws.com/fcp-indi/data/Projects/RocklandSample/RawData/A00040741/dsc_2/mprage_siemens_defaced/mprage_siemens_defaced.nii.gz,A00040741
https://s3.amazonaws.com/fcp-indi/data/Projects/RocklandSample/RawData/A00040757/dsc_2/mprage_siemens_defaced/mprage_siemens_defaced.nii.gz,A00040757
https://s3.amazonaws.com/fcp-indi/data/Projects/RocklandSample/RawData/A00040784/dsc_2/mprage_siemens_defaced/mprage_siemens_defaced.nii.gz,A00040784
https://s3.amazonaws.com/fcp-indi/data/Projects/RocklandSample/RawData/A00040806/dsc_2/mprage_siemens_defaced/mprage_siemens_defaced.nii.gz,A00040806
https://s3.amazonaws.com/fcp-indi/data/Projects/RocklandSample/RawData/A00040827/dsc_2/mprage_siemens_defaced/mprage_siemens_defaced.nii.gz,A00040827
https://s3.amazonaws.com/fcp-indi/data/Projects/RocklandSample/RawData/A00040891/dsc_2/mprage_siemens_defaced/mprage_siemens_defaced.nii.gz,A00040891
https://s3.amazonaws.com/fcp-indi/data/Projects/RocklandSample/RawData/A00040915/dsc_2/mprage_siemens_defaced/mprage_siemens_defaced.nii.gz,A00040915
https://s3.amazonaws.com/fcp-indi/data/Projects/RocklandSample/RawData/A00040944/dsc_2/mprage_siemens_defaced/mprage_siemens_defaced.nii.gz,A00040944
https://s3.amazonaws.com/fcp-indi/data/Projects/RocklandSample/RawData/A00041503/dsc_2/mprage_siemens_defaced/mprage_siemens_defaced.nii.gz,A00041503
https://s3.amazonaws.com/fcp-indi/data/Projects/RocklandSample/RawData/A00041540/dsc_2/mprage_siemens_defaced/mprage_siemens_defaced.nii.gz,A00041540
https://s3.amazonaws.com/fcp-indi/data/Projects/RocklandSample/RawData/A00043240/dsc_2/mprage_siemens_defaced/mprage_siemens_defaced.nii.gz,A00043240
https://s3.amazonaws.com/fcp-indi/data/Projects/RocklandSample/RawData/A00043282/dsc_2/mprage_siemens_defaced/mprage_siemens_defaced.nii.gz,A00043282
https://s3.amazonaws.com/fcp-indi/data/Projects/RocklandSample/RawData/A00043283/dsc_2/mprage_siemens_defaced/mprage_siemens_defaced.nii.gz,A00043283
https://s3.amazonaws.com/fcp-indi/data/Projects/RocklandSample/RawData/A00043299/dsc_2/mprage_siemens_defaced/mprage_siemens_defaced.nii.gz,A00043299
https://s3.amazonaws.com/fcp-indi/data/Projects/RocklandSample/RawData/A00043324/dsc_2/mprage_siemens_defaced/mprage_siemens_defaced.nii.gz,A00043324
https://s3.amazonaws.com/fcp-indi/data/Projects/RocklandSample/RawData/A00043325/dsc_2/mprage_siemens_defaced/mprage_siemens_defaced.nii.gz,A00043325
https://s3.amazonaws.com/fcp-indi/data/Projects/RocklandSample/RawData/A00043384/dsc_2/mprage_siemens_defaced/mprage_siemens_defaced.nii.gz,A00043384
https://s3.amazonaws.com/fcp-indi/data/Projects/RocklandSample/RawData/A00043417/dsc_2/mprage_siemens_defaced/mprage_siemens_defaced.nii.gz,A00043417
https://s3.amazonaws.com/fcp-indi/data/Projects/RocklandSample/RawData/A00043450/dsc_2/mprage_siemens_defaced/mprage_siemens_defaced.nii.gz,A00043450
https://s3.amazonaws.com/fcp-indi/data/Projects/RocklandSample/RawData/A00043462/dsc_2/mprage_siemens_defaced/mprage_siemens_defaced.nii.gz,A00043462
https://s3.amazonaws.com/fcp-indi/data/Projects/RocklandSample/RawData/A00043466/dsc_2/mprage_siemens_defaced/mprage_siemens_defaced.nii.gz,A00043466
https://s3.amazonaws.com/fcp-indi/data/Projects/RocklandSample/RawData/A00043494/dsc_2/mprage_siemens_defaced/mprage_siemens_defaced.nii.gz,A00043494
https://s3.amazonaws.com/fcp-indi/data/Projects/RocklandSample/RawData/A00043509/dsc_2/mprage_siemens_defaced/mprage_siemens_defaced.nii.gz,A00043509
https://s3.amazonaws.com/fcp-indi/data/Projects/RocklandSample/RawData/A00043520/dsc_2/mprage_siemens_defaced/mprage_siemens_defaced.nii.gz,A00043520
https://s3.amazonaws.com/fcp-indi/data/Projects/RocklandSample/RawData/A00043521/dsc_2/mprage_siemens_defaced/mprage_siemens_defaced.nii.gz,A00043521
https://s3.amazonaws.com/fcp-indi/data/Projects/RocklandSample/RawData/A00043617/dsc_2/mprage_siemens_defaced/mprage_siemens_defaced.nii.gz,A00043617
https://s3.amazonaws.com/fcp-indi/data/Projects/RocklandSample/RawData/A00043634/dsc_2/mprage_siemens_defaced/mprage_siemens_defaced.nii.gz,A00043634
https://s3.amazonaws.com/fcp-indi/data/Projects/RocklandSample/RawData/A00043635/dsc_2/mprage_siemens_defaced/mprage_siemens_defaced.nii.gz,A00043635
https://s3.amazonaws.com/fcp-indi/data/Projects/RocklandSample/RawData/A00043649/dsc_2/mprage_siemens_defaced/mprage_siemens_defaced.nii.gz,A00043649
https://s3.amazonaws.com/fcp-indi/data/Projects/RocklandSample/RawData/A00043677/dsc_2/mprage_siemens_defaced/mprage_siemens_defaced.nii.gz,A00043677
https://s3.amazonaws.com/fcp-indi/data/Projects/RocklandSample/RawData/A00043722/dsc_2/mprage_siemens_defaced/mprage_siemens_defaced.nii.gz,A00043722
https://s3.amazonaws.com/fcp-indi/data/Projects/RocklandSample/RawData/A00043739/dsc_2/mprage_siemens_defaced/mprage_siemens_defaced.nii.gz,A00043739
https://s3.amazonaws.com/fcp-indi/data/Projects/RocklandSample/RawData/A00043758/dsc_2/mprage_siemens_defaced/mprage_siemens_defaced.nii.gz,A00043758
https://s3.amazonaws.com/fcp-indi/data/Projects/RocklandSample/RawData/A00043762/dsc_2/mprage_siemens_defaced/mprage_siemens_defaced.nii.gz,A00043762
https://s3.amazonaws.com/fcp-indi/data/Projects/RocklandSample/RawData/A00043790/dsc_2/mprage_siemens_defaced/mprage_siemens_defaced.nii.gz,A00043790
https://s3.amazonaws.com/fcp-indi/data/Projects/RocklandSample/RawData/A00044011/dsc_2/mprage_siemens_defaced/mprage_siemens_defaced.nii.gz,A00044011
https://s3.amazonaws.com/fcp-indi/data/Projects/RocklandSample/RawData/A00044012/dsc_2/mprage_siemens_defaced/mprage_siemens_defaced.nii.gz,A00044012
https://s3.amazonaws.com/fcp-indi/data/Projects/RocklandSample/RawData/A00044068/dsc_2/mprage_siemens_defaced/mprage_siemens_defaced.nii.gz,A00044068
https://s3.amazonaws.com/fcp-indi/data/Projects/RocklandSample/RawData/A00044084/dsc_2/mprage_siemens_defaced/mprage_siemens_defaced.nii.gz,A00044084
https://s3.amazonaws.com/fcp-indi/data/Projects/RocklandSample/RawData/A00044130/dsc_2/mprage_siemens_defaced/mprage_siemens_defaced.nii.gz,A00044130
https://s3.amazonaws.com/fcp-indi/data/Projects/RocklandSample/RawData/A00044131/dsc_2/mprage_siemens_defaced/mprage_siemens_defaced.nii.gz,A00044131
https://s3.amazonaws.com/fcp-indi/data/Projects/RocklandSample/RawData/A00044154/dsc_2/mprage_siemens_defaced/mprage_siemens_defaced.nii.gz,A00044154
https://s3.amazonaws.com/fcp-indi/data/Projects/RocklandSample/RawData/A00044171/dsc_2/mprage_siemens_defaced/mprage_siemens_defaced.nii.gz,A00044171
https://s3.amazonaws.com/fcp-indi/data/Projects/RocklandSample/RawData/A00044291/dsc_2/mprage_siemens_defaced/mprage_siemens_defaced.nii.gz,A00044291
https://s3.amazonaws.com/fcp-indi/data/Projects/RocklandSample/RawData/A00044307/dsc_2/mprage_siemens_defaced/mprage_siemens_defaced.nii.gz,A00044307
https://s3.amazonaws.com/fcp-indi/data/Projects/RocklandSample/RawData/A00044344/dsc_2/mprage_siemens_defaced/mprage_siemens_defaced.nii.gz,A00044344
https://s3.amazonaws.com/fcp-indi/data/Projects/RocklandSample/RawData/A00044345/dsc_2/mprage_siemens_defaced/mprage_siemens_defaced.nii.gz,A00044345
https://s3.amazonaws.com/fcp-indi/data/Projects/RocklandSample/RawData/A00044369/dsc_2/mprage_siemens_defaced/mprage_siemens_defaced.nii.gz,A00044369
https://s3.amazonaws.com/fcp-indi/data/Projects/RocklandSample/RawData/A00044370/dsc_2/mprage_siemens_defaced/mprage_siemens_defaced.nii.gz,A00044370
https://s3.amazonaws.com/fcp-indi/data/Projects/RocklandSample/RawData/A00044405/dsc_2/mprage_siemens_defaced/mprage_siemens_defaced.nii.gz,A00044405
https://s3.amazonaws.com/fcp-indi/data/Projects/RocklandSample/RawData/A00044408/dsc_2/mprage_siemens_defaced/mprage_siemens_defaced.nii.gz,A00044408
https://s3.amazonaws.com/fcp-indi/data/Projects/RocklandSample/RawData/A00044410/dsc_2/mprage_siemens_defaced/mprage_siemens_defaced.nii.gz,A00044410
https://s3.amazonaws.com/fcp-indi/data/Projects/RocklandSample/RawData/A00044427/dsc_2/mprage_siemens_defaced/mprage_siemens_defaced.nii.gz,A00044427
https://s3.amazonaws.com/fcp-indi/data/Projects/RocklandSample/RawData/A00045554/dsc_2/mprage_siemens_defaced/mprage_siemens_defaced.nii.gz,A00045554
https://s3.amazonaws.com/fcp-indi/data/Projects/RocklandSample/RawData/A00045589/dsc_2/mprage_siemens_defaced/mprage_siemens_defaced.nii.gz,A00045589
https://s3.amazonaws.com/fcp-indi/data/Projects/RocklandSample/RawData/A00050679/dsc_2/mprage_siemens_defaced/mprage_siemens_defaced.nii.gz,A00050679
https://s3.amazonaws.com/fcp-indi/data/Projects/RocklandSample/RawData/A00050720/dsc_2/mprage_siemens_defaced/mprage_siemens_defaced.nii.gz,A00050720
https://s3.amazonaws.com/fcp-indi/data/Projects/RocklandSample/RawData/A00050721/dsc_2/mprage_siemens_defaced/mprage_siemens_defaced.nii.gz,A00050721
https://s3.amazonaws.com/fcp-indi/data/Projects/RocklandSample/RawData/A00050742/dsc_2/mprage_siemens_defaced/mprage_siemens_defaced.nii.gz,A00050742
https://s3.amazonaws.com/fcp-indi/data/Projects/RocklandSample/RawData/A00050795/dsc_2/mprage_siemens_defaced/mprage_siemens_defaced.nii.gz,A00050795
https://s3.amazonaws.com/fcp-indi/data/Projects/RocklandSample/RawData/A00050977/dsc_2/mprage_siemens_defaced/mprage_siemens_defaced.nii.gz,A00050977
https://s3.amazonaws.com/fcp-indi/data/Projects/RocklandSample/RawData/A00050998/dsc_2/mprage_siemens_defaced/mprage_siemens_defaced.nii.gz,A00050998
https://s3.amazonaws.com/fcp-indi/data/Projects/RocklandSample/RawData/A00051063/dsc_2/mprage_siemens_defaced/mprage_siemens_defaced.nii.gz,A00051063
https://s3.amazonaws.com/fcp-indi/data/Projects/RocklandSample/RawData/A00051064/dsc_2/mprage_siemens_defaced/mprage_siemens_defaced.nii.gz,A00051064
https://s3.amazonaws.com/fcp-indi/data/Projects/RocklandSample/RawData/A00051456/dsc_2/mprage_siemens_defaced/mprage_siemens_defaced.nii.gz,A00051456
https://s3.amazonaws.com/fcp-indi/data/Projects/RocklandSample/RawData/A00051457/dsc_2/mprage_siemens_defaced/mprage_siemens_defaced.nii.gz,A00051457
https://s3.amazonaws.com/fcp-indi/data/Projects/RocklandSample/RawData/A00051477/dsc_2/mprage_siemens_defaced/mprage_siemens_defaced.nii.gz,A00051477
https://s3.amazonaws.com/fcp-indi/data/Projects/RocklandSample/RawData/A00051513/dsc_2/mprage_siemens_defaced/mprage_siemens_defaced.nii.gz,A00051513
https://s3.amazonaws.com/fcp-indi/data/Projects/RocklandSample/RawData/A00051514/dsc_2/mprage_siemens_defaced/mprage_siemens_defaced.nii.gz,A00051514
https://s3.amazonaws.com/fcp-indi/data/Projects/RocklandSample/RawData/A00051517/dsc_2/mprage_siemens_defaced/mprage_siemens_defaced.nii.gz,A00051517
https://s3.amazonaws.com/fcp-indi/data/Projects/RocklandSample/RawData/A00051528/dsc_2/mprage_siemens_defaced/mprage_siemens_defaced.nii.gz,A00051528
https://s3.amazonaws.com/fcp-indi/data/Projects/RocklandSample/RawData/A00051529/dsc_2/mprage_siemens_defaced/mprage_siemens_defaced.nii.gz,A00051529
https://s3.amazonaws.com/fcp-indi/data/Projects/RocklandSample/RawData/A00051539/dsc_2/mprage_siemens_defaced/mprage_siemens_defaced.nii.gz,A00051539
https://s3.amazonaws.com/fcp-indi/data/Projects/RocklandSample/RawData/A00051604/dsc_2/mprage_siemens_defaced/mprage_siemens_defaced.nii.gz,A00051604
https://s3.amazonaws.com/fcp-indi/data/Projects/RocklandSample/RawData/A00051638/dsc_2/mprage_siemens_defaced/mprage_siemens_defaced.nii.gz,A00051638
https://s3.amazonaws.com/fcp-indi/data/Projects/RocklandSample/RawData/A00051658/dsc_2/mprage_siemens_defaced/mprage_siemens_defaced.nii.gz,A00051658
https://s3.amazonaws.com/fcp-indi/data/Projects/RocklandSample/RawData/A00051676/dsc_2/mprage_siemens_defaced/mprage_siemens_defaced.nii.gz,A00051676
https://s3.amazonaws.com/fcp-indi/data/Projects/RocklandSample/RawData/A00051678/dsc_2/mprage_siemens_defaced/mprage_siemens_defaced.nii.gz,A00051678
https://s3.amazonaws.com/fcp-indi/data/Projects/RocklandSample/RawData/A00051679/dsc_2/mprage_siemens_defaced/mprage_siemens_defaced.nii.gz,A00051679
https://s3.amazonaws.com/fcp-indi/data/Projects/RocklandSample/RawData/A00051690/dsc_2/mprage_siemens_defaced/mprage_siemens_defaced.nii.gz,A00051690
https://s3.amazonaws.com/fcp-indi/data/Projects/RocklandSample/RawData/A00051726/dsc_2/mprage_siemens_defaced/mprage_siemens_defaced.nii.gz,A00051726
https://s3.amazonaws.com/fcp-indi/data/Projects/RocklandSample/RawData/A00051758/dsc_2/mprage_siemens_defaced/mprage_siemens_defaced.nii.gz,A00051758
https://s3.amazonaws.com/fcp-indi/data/Projects/RocklandSample/RawData/A00051774/dsc_2/mprage_siemens_defaced/mprage_siemens_defaced.nii.gz,A00051774
https://s3.amazonaws.com/fcp-indi/data/Projects/RocklandSample/RawData/A00051796/dsc_2/mprage_siemens_defaced/mprage_siemens_defaced.nii.gz,A00051796
https://s3.amazonaws.com/fcp-indi/data/Projects/RocklandSample/RawData/A00051835/dsc_2/mprage_siemens_defaced/mprage_siemens_defaced.nii.gz,A00051835
https://s3.amazonaws.com/fcp-indi/data/Projects/RocklandSample/RawData/A00051882/dsc_2/mprage_siemens_defaced/mprage_siemens_defaced.nii.gz,A00051882
https://s3.amazonaws.com/fcp-indi/data/Projects/RocklandSample/RawData/A00051925/dsc_2/mprage_siemens_defaced/mprage_siemens_defaced.nii.gz,A00051925
https://s3.amazonaws.com/fcp-indi/data/Projects/RocklandSample/RawData/A00051927/dsc_2/mprage_siemens_defaced/mprage_siemens_defaced.nii.gz,A00051927
https://s3.amazonaws.com/fcp-indi/data/Projects/RocklandSample/RawData/A00052070/dsc_2/mprage_siemens_defaced/mprage_siemens_defaced.nii.gz,A00052070
https://s3.amazonaws.com/fcp-indi/data/Projects/RocklandSample/RawData/A00052117/dsc_2/mprage_siemens_defaced/mprage_siemens_defaced.nii.gz,A00052117
https://s3.amazonaws.com/fcp-indi/data/Projects/RocklandSample/RawData/A00052118/dsc_2/mprage_siemens_defaced/mprage_siemens_defaced.nii.gz,A00052118
https://s3.amazonaws.com/fcp-indi/data/Projects/RocklandSample/RawData/A00052126/dsc_2/mprage_siemens_defaced/mprage_siemens_defaced.nii.gz,A00052126
https://s3.amazonaws.com/fcp-indi/data/Projects/RocklandSample/RawData/A00052180/dsc_2/mprage_siemens_defaced/mprage_siemens_defaced.nii.gz,A00052180
https://s3.amazonaws.com/fcp-indi/data/Projects/RocklandSample/RawData/A00052197/dsc_2/mprage_siemens_defaced/mprage_siemens_defaced.nii.gz,A00052197
https://s3.amazonaws.com/fcp-indi/data/Projects/RocklandSample/RawData/A00052214/dsc_2/mprage_siemens_defaced/mprage_siemens_defaced.nii.gz,A00052214
https://s3.amazonaws.com/fcp-indi/data/Projects/RocklandSample/RawData/A00052234/dsc_2/mprage_siemens_defaced/mprage_siemens_defaced.nii.gz,A00052234
https://s3.amazonaws.com/fcp-indi/data/Projects/RocklandSample/RawData/A00052307/dsc_2/mprage_siemens_defaced/mprage_siemens_defaced.nii.gz,A00052307
https://s3.amazonaws.com/fcp-indi/data/Projects/RocklandSample/RawData/A00052319/dsc_2/mprage_siemens_defaced/mprage_siemens_defaced.nii.gz,A00052319
https://s3.amazonaws.com/fcp-indi/data/Projects/RocklandSample/RawData/A00052499/dsc_2/mprage_siemens_defaced/mprage_siemens_defaced.nii.gz,A00052499
https://s3.amazonaws.com/fcp-indi/data/Projects/RocklandSample/RawData/A00052502/dsc_2/mprage_siemens_defaced/mprage_siemens_defaced.nii.gz,A00052502
https://s3.amazonaws.com/fcp-indi/data/Projects/RocklandSample/RawData/A00052577/dsc_2/mprage_siemens_defaced/mprage_siemens_defaced.nii.gz,A00052577
https://s3.amazonaws.com/fcp-indi/data/Projects/RocklandSample/RawData/A00052612/dsc_2/mprage_siemens_defaced/mprage_siemens_defaced.nii.gz,A00052612
https://s3.amazonaws.com/fcp-indi/data/Projects/RocklandSample/RawData/A00052613/dsc_2/mprage_siemens_defaced/mprage_siemens_defaced.nii.gz,A00052613
https://s3.amazonaws.com/fcp-indi/data/Projects/RocklandSample/RawData/A00052614/dsc_2/mprage_siemens_defaced/mprage_siemens_defaced.nii.gz,A00052614
https://s3.amazonaws.com/fcp-indi/data/Projects/RocklandSample/RawData/A00052639/dsc_2/mprage_siemens_defaced/mprage_siemens_defaced.nii.gz,A00052639
https://s3.amazonaws.com/fcp-indi/data/Projects/RocklandSample/RawData/A00053202/dsc_2/mprage_siemens_defaced/mprage_siemens_defaced.nii.gz,A00053202
https://s3.amazonaws.com/fcp-indi/data/Projects/RocklandSample/RawData/A00053320/dsc_2/mprage_siemens_defaced/mprage_siemens_defaced.nii.gz,A00053320
https://s3.amazonaws.com/fcp-indi/data/Projects/RocklandSample/RawData/A00053369/dsc_2/mprage_siemens_defaced/mprage_siemens_defaced.nii.gz,A00053369
https://s3.amazonaws.com/fcp-indi/data/Projects/RocklandSample/RawData/A00053456/dsc_2/mprage_siemens_defaced/mprage_siemens_defaced.nii.gz,A00053456
https://s3.amazonaws.com/fcp-indi/data/Projects/RocklandSample/RawData/A00053474/dsc_2/mprage_siemens_defaced/mprage_siemens_defaced.nii.gz,A00053474
https://s3.amazonaws.com/fcp-indi/data/Projects/RocklandSample/RawData/A00053546/dsc_2/mprage_siemens_defaced/mprage_siemens_defaced.nii.gz,A00053546
https://s3.amazonaws.com/fcp-indi/data/Projects/RocklandSample/RawData/A00053576/dsc_2/mprage_siemens_defaced/mprage_siemens_defaced.nii.gz,A00053576
https://s3.amazonaws.com/fcp-indi/data/Projects/RocklandSample/RawData/A00053577/dsc_2/mprage_siemens_defaced/mprage_siemens_defaced.nii.gz,A00053577
https://s3.amazonaws.com/fcp-indi/data/Projects/RocklandSample/RawData/A00053578/dsc_2/mprage_siemens_defaced/mprage_siemens_defaced.nii.gz,A00053578
https://s3.amazonaws.com/fcp-indi/data/Projects/RocklandSample/RawData/A00053625/dsc_2/mprage_siemens_defaced/mprage_siemens_defaced.nii.gz,A00053625
https://s3.amazonaws.com/fcp-indi/data/Projects/RocklandSample/RawData/A00053626/dsc_2/mprage_siemens_defaced/mprage_siemens_defaced.nii.gz,A00053626
https://s3.amazonaws.com/fcp-indi/data/Projects/RocklandSample/RawData/A00053627/dsc_2/mprage_siemens_defaced/mprage_siemens_defaced.nii.gz,A00053627
https://s3.amazonaws.com/fcp-indi/data/Projects/RocklandSample/RawData/A00053874/dsc_2/mprage_siemens_defaced/mprage_siemens_defaced.nii.gz,A00053874
https://s3.amazonaws.com/fcp-indi/data/Projects/RocklandSample/RawData/A00053901/dsc_2/mprage_siemens_defaced/mprage_siemens_defaced.nii.gz,A00053901
https://s3.amazonaws.com/fcp-indi/data/Projects/RocklandSample/RawData/A00053927/dsc_2/mprage_siemens_defaced/mprage_siemens_defaced.nii.gz,A00053927
https://s3.amazonaws.com/fcp-indi/data/Projects/RocklandSample/RawData/A00053949/dsc_2/mprage_siemens_defaced/mprage_siemens_defaced.nii.gz,A00053949
https://s3.amazonaws.com/fcp-indi/data/Projects/RocklandSample/RawData/A00054038/dsc_2/mprage_siemens_defaced/mprage_siemens_defaced.nii.gz,A00054038
https://s3.amazonaws.com/fcp-indi/data/Projects/RocklandSample/RawData/A00054153/dsc_2/mprage_siemens_defaced/mprage_siemens_defaced.nii.gz,A00054153
https://s3.amazonaws.com/fcp-indi/data/Projects/RocklandSample/RawData/A00054173/dsc_2/mprage_siemens_defaced/mprage_siemens_defaced.nii.gz,A00054173
https://s3.amazonaws.com/fcp-indi/data/Projects/RocklandSample/RawData/A00054358/dsc_2/mprage_siemens_defaced/mprage_siemens_defaced.nii.gz,A00054358
https://s3.amazonaws.com/fcp-indi/data/Projects/RocklandSample/RawData/A00054482/dsc_2/mprage_siemens_defaced/mprage_siemens_defaced.nii.gz,A00054482
https://s3.amazonaws.com/fcp-indi/data/Projects/RocklandSample/RawData/A00054532/dsc_2/mprage_siemens_defaced/mprage_siemens_defaced.nii.gz,A00054532
https://s3.amazonaws.com/fcp-indi/data/Projects/RocklandSample/RawData/A00054533/dsc_2/mprage_siemens_defaced/mprage_siemens_defaced.nii.gz,A00054533
https://s3.amazonaws.com/fcp-indi/data/Projects/RocklandSample/RawData/A00054534/dsc_2/mprage_siemens_defaced/mprage_siemens_defaced.nii.gz,A00054534
https://s3.amazonaws.com/fcp-indi/data/Projects/RocklandSample/RawData/A00054621/dsc_2/mprage_siemens_defaced/mprage_siemens_defaced.nii.gz,A00054621
https://s3.amazonaws.com/fcp-indi/data/Projects/RocklandSample/RawData/A00054895/dsc_2/mprage_siemens_defaced/mprage_siemens_defaced.nii.gz,A00054895
https://s3.amazonaws.com/fcp-indi/data/Projects/RocklandSample/RawData/A00054897/dsc_2/mprage_siemens_defaced/mprage_siemens_defaced.nii.gz,A00054897
https://s3.amazonaws.com/fcp-indi/data/Projects/RocklandSample/RawData/A00054913/dsc_2/mprage_siemens_defaced/mprage_siemens_defaced.nii.gz,A00054913
https://s3.amazonaws.com/fcp-indi/data/Projects/RocklandSample/RawData/A00054929/dsc_2/mprage_siemens_defaced/mprage_siemens_defaced.nii.gz,A00054929
https://s3.amazonaws.com/fcp-indi/data/Projects/RocklandSample/RawData/A00055061/dsc_2/mprage_siemens_defaced/mprage_siemens_defaced.nii.gz,A00055061
https://s3.amazonaws.com/fcp-indi/data/Projects/RocklandSample/RawData/A00055116/dsc_2/mprage_siemens_defaced/mprage_siemens_defaced.nii.gz,A00055116
https://s3.amazonaws.com/fcp-indi/data/Projects/RocklandSample/RawData/A00055215/dsc_2/mprage_siemens_defaced/mprage_siemens_defaced.nii.gz,A00055215
https://s3.amazonaws.com/fcp-indi/data/Projects/RocklandSample/RawData/A00055332/dsc_2/mprage_siemens_defaced/mprage_siemens_defaced.nii.gz,A00055332
https://s3.amazonaws.com/fcp-indi/data/Projects/RocklandSample/RawData/A00055352/dsc_2/mprage_siemens_defaced/mprage_siemens_defaced.nii.gz,A00055352
https://s3.amazonaws.com/fcp-indi/data/Projects/RocklandSample/RawData/A00055353/dsc_2/mprage_siemens_defaced/mprage_siemens_defaced.nii.gz,A00055353
https://s3.amazonaws.com/fcp-indi/data/Projects/RocklandSample/RawData/A00055541/dsc_2/mprage_siemens_defaced/mprage_siemens_defaced.nii.gz,A00055541
https://s3.amazonaws.com/fcp-indi/data/Projects/RocklandSample/RawData/A00055542/dsc_2/mprage_siemens_defaced/mprage_siemens_defaced.nii.gz,A00055542
https://s3.amazonaws.com/fcp-indi/data/Projects/RocklandSample/RawData/A00055612/dsc_2/mprage_siemens_defaced/mprage_siemens_defaced.nii.gz,A00055612
https://s3.amazonaws.com/fcp-indi/data/Projects/RocklandSample/RawData/A00055692/dsc_2/mprage_siemens_defaced/mprage_siemens_defaced.nii.gz,A00055692
https://s3.amazonaws.com/fcp-indi/data/Projects/RocklandSample/RawData/A00055693/dsc_2/mprage_siemens_defaced/mprage_siemens_defaced.nii.gz,A00055693
https://s3.amazonaws.com/fcp-indi/data/Projects/RocklandSample/RawData/A00055727/dsc_2/mprage_siemens_defaced/mprage_siemens_defaced.nii.gz,A00055727
https://s3.amazonaws.com/fcp-indi/data/Projects/RocklandSample/RawData/A00055738/dsc_2/mprage_siemens_defaced/mprage_siemens_defaced.nii.gz,A00055738
https://s3.amazonaws.com/fcp-indi/data/Projects/RocklandSample/RawData/A00055763/dsc_2/mprage_siemens_defaced/mprage_siemens_defaced.nii.gz,A00055763
https://s3.amazonaws.com/fcp-indi/data/Projects/RocklandSample/RawData/A00055765/dsc_2/mprage_siemens_defaced/mprage_siemens_defaced.nii.gz,A00055765
https://s3.amazonaws.com/fcp-indi/data/Projects/RocklandSample/RawData/A00055806/dsc_2/mprage_siemens_defaced/mprage_siemens_defaced.nii.gz,A00055806
https://s3.amazonaws.com/fcp-indi/data/Projects/RocklandSample/RawData/A00055832/dsc_2/mprage_siemens_defaced/mprage_siemens_defaced.nii.gz,A00055832
https://s3.amazonaws.com/fcp-indi/data/Projects/RocklandSample/RawData/A00055866/dsc_2/mprage_siemens_defaced/mprage_siemens_defaced.nii.gz,A00055866
https://s3.amazonaws.com/fcp-indi/data/Projects/RocklandSample/RawData/A00055906/dsc_2/mprage_siemens_defaced/mprage_siemens_defaced.nii.gz,A00055906
https://s3.amazonaws.com/fcp-indi/data/Projects/RocklandSample/RawData/A00055946/dsc_2/mprage_siemens_defaced/mprage_siemens_defaced.nii.gz,A00055946
https://s3.amazonaws.com/fcp-indi/data/Projects/RocklandSample/RawData/A00056020/dsc_2/mprage_siemens_defaced/mprage_siemens_defaced.nii.gz,A00056020
https://s3.amazonaws.com/fcp-indi/data/Projects/RocklandSample/RawData/A00056022/dsc_2/mprage_siemens_defaced/mprage_siemens_defaced.nii.gz,A00056022
https://s3.amazonaws.com/fcp-indi/data/Projects/RocklandSample/RawData/A00056097/dsc_2/mprage_siemens_defaced/mprage_siemens_defaced.nii.gz,A00056097
https://s3.amazonaws.com/fcp-indi/data/Projects/RocklandSample/RawData/A00056098/dsc_2/mprage_siemens_defaced/mprage_siemens_defaced.nii.gz,A00056098
https://s3.amazonaws.com/fcp-indi/data/Projects/RocklandSample/RawData/A00056164/dsc_2/mprage_siemens_defaced/mprage_siemens_defaced.nii.gz,A00056164
https://s3.amazonaws.com/fcp-indi/data/Projects/RocklandSample/RawData/A00056307/dsc_2/mprage_siemens_defaced/mprage_siemens_defaced.nii.gz,A00056307
https://s3.amazonaws.com/fcp-indi/data/Projects/RocklandSample/RawData/A00056372/dsc_2/mprage_siemens_defaced/mprage_siemens_defaced.nii.gz,A00056372
https://s3.amazonaws.com/fcp-indi/data/Projects/RocklandSample/RawData/A00056419/dsc_2/mprage_siemens_defaced/mprage_siemens_defaced.nii.gz,A00056419
https://s3.amazonaws.com/fcp-indi/data/Projects/RocklandSample/RawData/A00056420/dsc_2/mprage_siemens_defaced/mprage_siemens_defaced.nii.gz,A00056420
https://s3.amazonaws.com/fcp-indi/data/Projects/RocklandSample/RawData/A00056452/dsc_2/mprage_siemens_defaced/mprage_siemens_defaced.nii.gz,A00056452
https://s3.amazonaws.com/fcp-indi/data/Projects/RocklandSample/RawData/A00056453/dsc_2/mprage_siemens_defaced/mprage_siemens_defaced.nii.gz,A00056453
https://s3.amazonaws.com/fcp-indi/data/Projects/RocklandSample/RawData/A00056489/dsc_2/mprage_siemens_defaced/mprage_siemens_defaced.nii.gz,A00056489
https://s3.amazonaws.com/fcp-indi/data/Projects/RocklandSample/RawData/A00056628/dsc_2/mprage_siemens_defaced/mprage_siemens_defaced.nii.gz,A00056628
https://s3.amazonaws.com/fcp-indi/data/Projects/RocklandSample/RawData/A00056703/dsc_2/mprage_siemens_defaced/mprage_siemens_defaced.nii.gz,A00056703
https://s3.amazonaws.com/fcp-indi/data/Projects/RocklandSample/RawData/A00056830/dsc_2/mprage_siemens_defaced/mprage_siemens_defaced.nii.gz,A00056830
https://s3.amazonaws.com/fcp-indi/data/Projects/RocklandSample/RawData/A00056949/dsc_2/mprage_siemens_defaced/mprage_siemens_defaced.nii.gz,A00056949
https://s3.amazonaws.com/fcp-indi/data/Projects/RocklandSample/RawData/A00038998/nfb_2/mprage_siemens_defaced/mprage_siemens_defaced.nii.gz,A00038998
https://s3.amazonaws.com/fcp-indi/data/Projects/RocklandSample/RawData/A00043704/nfb_2/mprage_siemens_defaced/mprage_siemens_defaced.nii.gz,A00043704
https://s3.amazonaws.com/fcp-indi/data/Projects/RocklandSample/RawData/A00043721/nfb_2/mprage_siemens_defaced/mprage_siemens_defaced.nii.gz,A00043721
https://s3.amazonaws.com/fcp-indi/data/Projects/RocklandSample/RawData/A00043998/nfb_2/mprage_siemens_defaced/mprage_siemens_defaced.nii.gz,A00043998
https://s3.amazonaws.com/fcp-indi/data/Projects/RocklandSample/RawData/A00045590/nfb_2/mprage_siemens_defaced/mprage_siemens_defaced.nii.gz,A00045590
https://s3.amazonaws.com/fcp-indi/data/Projects/RocklandSample/RawData/A00050940/nfb_2/mprage_siemens_defaced/mprage_siemens_defaced.nii.gz,A00050940
https://s3.amazonaws.com/fcp-indi/data/Projects/RocklandSample/RawData/A00052125/nfb_2/mprage_siemens_defaced/mprage_siemens_defaced.nii.gz,A00052125
https://s3.amazonaws.com/fcp-indi/data/Projects/RocklandSample/RawData/A00052181/nfb_2/mprage_siemens_defaced/mprage_siemens_defaced.nii.gz,A00052181
https://s3.amazonaws.com/fcp-indi/data/Projects/RocklandSample/RawData/A00052235/nfb_2/mprage_siemens_defaced/mprage_siemens_defaced.nii.gz,A00052235
https://s3.amazonaws.com/fcp-indi/data/Projects/RocklandSample/RawData/A00052340/nfb_2/mprage_siemens_defaced/mprage_siemens_defaced.nii.gz,A00052340
https://s3.amazonaws.com/fcp-indi/data/Projects/RocklandSample/RawData/A00052500/nfb_2/mprage_siemens_defaced/mprage_siemens_defaced.nii.gz,A00052500
https://s3.amazonaws.com/fcp-indi/data/Projects/RocklandSample/RawData/A00052560/nfb_2/mprage_siemens_defaced/mprage_siemens_defaced.nii.gz,A00052560
https://s3.amazonaws.com/fcp-indi/data/Projects/RocklandSample/RawData/A00053455/nfb_2/mprage_siemens_defaced/mprage_siemens_defaced.nii.gz,A00053455
https://s3.amazonaws.com/fcp-indi/data/Projects/RocklandSample/RawData/A00053473/nfb_2/mprage_siemens_defaced/mprage_siemens_defaced.nii.gz,A00053473
https://s3.amazonaws.com/fcp-indi/data/Projects/RocklandSample/RawData/A00053475/nfb_2/mprage_siemens_defaced/mprage_siemens_defaced.nii.gz,A00053475
https://s3.amazonaws.com/fcp-indi/data/Projects/RocklandSample/RawData/A00053850/nfb_2/mprage_siemens_defaced/mprage_siemens_defaced.nii.gz,A00053850
https://s3.amazonaws.com/fcp-indi/data/Projects/RocklandSample/RawData/A00053851/nfb_2/mprage_siemens_defaced/mprage_siemens_defaced.nii.gz,A00053851
https://s3.amazonaws.com/fcp-indi/data/Projects/RocklandSample/RawData/A00053854/nfb_2/mprage_siemens_defaced/mprage_siemens_defaced.nii.gz,A00053854
https://s3.amazonaws.com/fcp-indi/data/Projects/RocklandSample/RawData/A00053902/nfb_2/mprage_siemens_defaced/mprage_siemens_defaced.nii.gz,A00053902
https://s3.amazonaws.com/fcp-indi/data/Projects/RocklandSample/RawData/A00054019/nfb_2/mprage_siemens_defaced/mprage_siemens_defaced.nii.gz,A00054019
https://s3.amazonaws.com/fcp-indi/data/Projects/RocklandSample/RawData/A00054441/nfb_2/mprage_siemens_defaced/mprage_siemens_defaced.nii.gz,A00054441
https://s3.amazonaws.com/fcp-indi/data/Projects/RocklandSample/RawData/A00054504/nfb_2/mprage_siemens_defaced/mprage_siemens_defaced.nii.gz,A00054504
https://s3.amazonaws.com/fcp-indi/data/Projects/RocklandSample/RawData/A00054857/nfb_2/mprage_siemens_defaced/mprage_siemens_defaced.nii.gz,A00054857
https://s3.amazonaws.com/fcp-indi/data/Projects/RocklandSample/RawData/A00054914/nfb_2/mprage_siemens_defaced/mprage_siemens_defaced.nii.gz,A00054914
https://s3.amazonaws.com/fcp-indi/data/Projects/RocklandSample/RawData/A00055121/nfb_2/mprage_siemens_defaced/mprage_siemens_defaced.nii.gz,A00055121
https://s3.amazonaws.com/fcp-indi/data/Projects/RocklandSample/RawData/A00055373/nfb_2/mprage_siemens_defaced/mprage_siemens_defaced.nii.gz,A00055373
https://s3.amazonaws.com/fcp-indi/data/Projects/RocklandSample/RawData/A00055446/nfb_2/mprage_siemens_defaced/mprage_siemens_defaced.nii.gz,A00055446
https://s3.amazonaws.com/fcp-indi/data/Projects/RocklandSample/RawData/A00055447/nfb_2/mprage_siemens_defaced/mprage_siemens_defaced.nii.gz,A00055447
https://s3.amazonaws.com/fcp-indi/data/Projects/RocklandSample/RawData/A00057005/nfb_2/mprage_siemens_defaced/mprage_siemens_defaced.nii.gz,A00057005
https://s3.amazonaws.com/fcp-indi/data/Projects/RocklandSample/RawData/A00057035/nfb_2/mprage_siemens_defaced/mprage_siemens_defaced.nii.gz,A00057035
https://s3.amazonaws.com/fcp-indi/data/Projects/RocklandSample/RawData/A00057182/nfb_2/mprage_siemens_defaced/mprage_siemens_defaced.nii.gz,A00057182
https://s3.amazonaws.com/fcp-indi/data/Projects/RocklandSample/RawData/A00028185/nfb_3/dmn_fb_anat_defaced/dmn_fb_anat_defaced.nii.gz,A00028185
https://s3.amazonaws.com/fcp-indi/data/Projects/RocklandSample/RawData/A00028352/nfb_3/dmn_fb_anat_defaced/dmn_fb_anat_defaced.nii.gz,A00028352
https://s3.amazonaws.com/fcp-indi/data/Projects/RocklandSample/RawData/A00033747/nfb_3/dmn_fb_anat_defaced/dmn_fb_anat_defaced.nii.gz,A00033747
https://s3.amazonaws.com/fcp-indi/data/Projects/RocklandSample/RawData/A00034854/nfb_3/dmn_fb_anat_defaced/dmn_fb_anat_defaced.nii.gz,A00034854
https://s3.amazonaws.com/fcp-indi/data/Projects/RocklandSample/RawData/A00035072/nfb_3/dmn_fb_anat_defaced/dmn_fb_anat_defaced.nii.gz,A00035072
https://s3.amazonaws.com/fcp-indi/data/Projects/RocklandSample/RawData/A00035827/nfb_3/dmn_fb_anat_defaced/dmn_fb_anat_defaced.nii.gz,A00035827
https://s3.amazonaws.com/fcp-indi/data/Projects/RocklandSample/RawData/A00035840/nfb_3/dmn_fb_anat_defaced/dmn_fb_anat_defaced.nii.gz,A00035840
https://s3.amazonaws.com/fcp-indi/data/Projects/RocklandSample/RawData/A00037112/nfb_3/dmn_fb_anat_defaced/dmn_fb_anat_defaced.nii.gz,A00037112
https://s3.amazonaws.com/fcp-indi/data/Projects/RocklandSample/RawData/A00037511/nfb_3/dmn_fb_anat_defaced/dmn_fb_anat_defaced.nii.gz,A00037511
https://s3.amazonaws.com/fcp-indi/data/Projects/RocklandSample/RawData/A00037848/nfb_3/dmn_fb_anat_defaced/dmn_fb_anat_defaced.nii.gz,A00037848
https://s3.amazonaws.com/fcp-indi/data/Projects/RocklandSample/RawData/A00039391/nfb_3/dmn_fb_anat_defaced/dmn_fb_anat_defaced.nii.gz,A00039391
https://s3.amazonaws.com/fcp-indi/data/Projects/RocklandSample/RawData/A00039431/nfb_3/dmn_fb_anat_defaced/dmn_fb_anat_defaced.nii.gz,A00039431
https://s3.amazonaws.com/fcp-indi/data/Projects/RocklandSample/RawData/A00040193/nfb_3/dmn_fb_anat_defaced/dmn_fb_anat_defaced.nii.gz,A00040193
https://s3.amazonaws.com/fcp-indi/data/Projects/RocklandSample/RawData/A00040524/nfb_3/dmn_fb_anat_defaced/dmn_fb_anat_defaced.nii.gz,A00040524
https://s3.amazonaws.com/fcp-indi/data/Projects/RocklandSample/RawData/A00040623/nfb_3/dmn_fb_anat_defaced/dmn_fb_anat_defaced.nii.gz,A00040623
https://s3.amazonaws.com/fcp-indi/data/Projects/RocklandSample/RawData/A00040640/nfb_3/dmn_fb_anat_defaced/dmn_fb_anat_defaced.nii.gz,A00040640
https://s3.amazonaws.com/fcp-indi/data/Projects/RocklandSample/RawData/A00040944/nfb_3/dmn_fb_anat_defaced/dmn_fb_anat_defaced.nii.gz,A00040944
https://s3.amazonaws.com/fcp-indi/data/Projects/RocklandSample/RawData/A00043299/nfb_3/dmn_fb_anat_defaced/dmn_fb_anat_defaced.nii.gz,A00043299
https://s3.amazonaws.com/fcp-indi/data/Projects/RocklandSample/RawData/A00043677/nfb_3/dmn_fb_anat_defaced/dmn_fb_anat_defaced.nii.gz,A00043677
https://s3.amazonaws.com/fcp-indi/data/Projects/RocklandSample/RawData/A00043704/nfb_3/dmn_fb_anat_defaced/dmn_fb_anat_defaced.nii.gz,A00043704
https://s3.amazonaws.com/fcp-indi/data/Projects/RocklandSample/RawData/A00043721/nfb_3/dmn_fb_anat_defaced/dmn_fb_anat_defaced.nii.gz,A00043721
https://s3.amazonaws.com/fcp-indi/data/Projects/RocklandSample/RawData/A00043722/nfb_3/dmn_fb_anat_defaced/dmn_fb_anat_defaced.nii.gz,A00043722
https://s3.amazonaws.com/fcp-indi/data/Projects/RocklandSample/RawData/A00043998/nfb_3/dmn_fb_anat_defaced/dmn_fb_anat_defaced.nii.gz,A00043998
https://s3.amazonaws.com/fcp-indi/data/Projects/RocklandSample/RawData/A00045590/nfb_3/dmn_fb_anat_defaced/dmn_fb_anat_defaced.nii.gz,A00045590
https://s3.amazonaws.com/fcp-indi/data/Projects/RocklandSample/RawData/A00050940/nfb_3/dmn_fb_anat_defaced/dmn_fb_anat_defaced.nii.gz,A00050940
https://s3.amazonaws.com/fcp-indi/data/Projects/RocklandSample/RawData/A00051539/nfb_3/dmn_fb_anat_defaced/dmn_fb_anat_defaced.nii.gz,A00051539
https://s3.amazonaws.com/fcp-indi/data/Projects/RocklandSample/RawData/A00051548/nfb_3/dmn_fb_anat_defaced/dmn_fb_anat_defaced.nii.gz,A00051548
https://s3.amazonaws.com/fcp-indi/data/Projects/RocklandSample/RawData/A00051676/nfb_3/dmn_fb_anat_defaced/dmn_fb_anat_defaced.nii.gz,A00051676
https://s3.amazonaws.com/fcp-indi/data/Projects/RocklandSample/RawData/A00051927/nfb_3/dmn_fb_anat_defaced/dmn_fb_anat_defaced.nii.gz,A00051927
https://s3.amazonaws.com/fcp-indi/data/Projects/RocklandSample/RawData/A00052125/nfb_3/dmn_fb_anat_defaced/dmn_fb_anat_defaced.nii.gz,A00052125
https://s3.amazonaws.com/fcp-indi/data/Projects/RocklandSample/RawData/A00052500/nfb_3/dmn_fb_anat_defaced/dmn_fb_anat_defaced.nii.gz,A00052500
https://s3.amazonaws.com/fcp-indi/data/Projects/RocklandSample/RawData/A00052560/nfb_3/dmn_fb_anat_defaced/dmn_fb_anat_defaced.nii.gz,A00052560
https://s3.amazonaws.com/fcp-indi/data/Projects/RocklandSample/RawData/A00053455/nfb_3/dmn_fb_anat_defaced/dmn_fb_anat_defaced.nii.gz,A00053455
https://s3.amazonaws.com/fcp-indi/data/Projects/RocklandSample/RawData/A00053473/nfb_3/dmn_fb_anat_defaced/dmn_fb_anat_defaced.nii.gz,A00053473
https://s3.amazonaws.com/fcp-indi/data/Projects/RocklandSample/RawData/A00053475/nfb_3/dmn_fb_anat_defaced/dmn_fb_anat_defaced.nii.gz,A00053475
https://s3.amazonaws.com/fcp-indi/data/Projects/RocklandSample/RawData/A00053850/nfb_3/dmn_fb_anat_defaced/dmn_fb_anat_defaced.nii.gz,A00053850
https://s3.amazonaws.com/fcp-indi/data/Projects/RocklandSample/RawData/A00053851/nfb_3/dmn_fb_anat_defaced/dmn_fb_anat_defaced.nii.gz,A00053851
https://s3.amazonaws.com/fcp-indi/data/Projects/RocklandSample/RawData/A00053902/nfb_3/dmn_fb_anat_defaced/dmn_fb_anat_defaced.nii.gz,A00053902
https://s3.amazonaws.com/fcp-indi/data/Projects/RocklandSample/RawData/A00054019/nfb_3/dmn_fb_anat_defaced/dmn_fb_anat_defaced.nii.gz,A00054019
https://s3.amazonaws.com/fcp-indi/data/Projects/RocklandSample/RawData/A00054441/nfb_3/dmn_fb_anat_defaced/dmn_fb_anat_defaced.nii.gz,A00054441
https://s3.amazonaws.com/fcp-indi/data/Projects/RocklandSample/RawData/A00055806/nfb_3/dmn_fb_anat_defaced/dmn_fb_anat_defaced.nii.gz,A00055806
https://s3.amazonaws.com/fcp-indi/data/Projects/RocklandSample/RawData/A00056306/nfb_3/dmn_fb_anat_defaced/dmn_fb_anat_defaced.nii.gz,A00056306
https://s3.amazonaws.com/fcp-indi/data/Projects/RocklandSample/RawData/A00056556/nfb_3/dmn_fb_anat_defaced/dmn_fb_anat_defaced.nii.gz,A00056556
https://s3.amazonaws.com/fcp-indi/data/Projects/RocklandSample/RawData/A00056627/nfb_3/dmn_fb_anat_defaced/dmn_fb_anat_defaced.nii.gz,A00056627
https://s3.amazonaws.com/fcp-indi/data/Projects/RocklandSample/RawData/A00057203/nfb_3/dmn_fb_anat_defaced/dmn_fb_anat_defaced.nii.gz,A00057203
https://s3.amazonaws.com/fcp-indi/data/Projects/RocklandSample/RawData/A00057235/nfb_3/dmn_fb_anat_defaced/dmn_fb_anat_defaced.nii.gz,A00057235
https://s3.amazonaws.com/fcp-indi/data/Projects/RocklandSample/RawData/A00057372/nfb_3/dmn_fb_anat_defaced/dmn_fb_anat_defaced.nii.gz,A00057372
https://s3.amazonaws.com/fcp-indi/data/Projects/RocklandSample/RawData/A00057444/nfb_3/dmn_fb_anat_defaced/dmn_fb_anat_defaced.nii.gz,A00057444
https://s3.amazonaws.com/fcp-indi/data/Projects/RocklandSample/RawData/A00057786/nfb_3/dmn_fb_anat_defaced/dmn_fb_anat_defaced.nii.gz,A00057786
https://s3.amazonaws.com/fcp-indi/data/Projects/RocklandSample/RawData/A00057808/nfb_3/dmn_fb_anat_defaced/dmn_fb_anat_defaced.nii.gz,A00057808
https://s3.amazonaws.com/fcp-indi/data/Projects/RocklandSample/RawData/A00057965/nfb_3/dmn_fb_anat_defaced/dmn_fb_anat_defaced.nii.gz,A00057965
https://s3.amazonaws.com/fcp-indi/data/Projects/RocklandSample/RawData/A00058214/nfb_3/dmn_fb_anat_defaced/dmn_fb_anat_defaced.nii.gz,A00058214
https://s3.amazonaws.com/fcp-indi/data/Projects/RocklandSample/RawData/A00058218/nfb_3/dmn_fb_anat_defaced/dmn_fb_anat_defaced.nii.gz,A00058218
https://s3.amazonaws.com/fcp-indi/data/Projects/RocklandSample/RawData/A00058503/nfb_3/dmn_fb_anat_defaced/dmn_fb_anat_defaced.nii.gz,A00058503
https://s3.amazonaws.com/fcp-indi/data/Projects/RocklandSample/RawData/A00058552/nfb_3/dmn_fb_anat_defaced/dmn_fb_anat_defaced.nii.gz,A00058552
https://s3.amazonaws.com/fcp-indi/data/Projects/RocklandSample/RawData/A00058667/nfb_3/dmn_fb_anat_defaced/dmn_fb_anat_defaced.nii.gz,A00058667
https://s3.amazonaws.com/fcp-indi/data/Projects/RocklandSample/RawData/A00058952/nfb_3/dmn_fb_anat_defaced/dmn_fb_anat_defaced.nii.gz,A00058952
https://s3.amazonaws.com/fcp-indi/data/Projects/RocklandSample/RawData/A00058999/nfb_3/dmn_fb_anat_defaced/dmn_fb_anat_defaced.nii.gz,A00058999
https://s3.amazonaws.com/fcp-indi/data/Projects/RocklandSample/RawData/A00059344/nfb_3/dmn_fb_anat_defaced/dmn_fb_anat_defaced.nii.gz,A00059344
https://s3.amazonaws.com/fcp-indi/data/Projects/RocklandSample/RawData/A00059346/nfb_3/dmn_fb_anat_defaced/dmn_fb_anat_defaced.nii.gz,A00059346
https://s3.amazonaws.com/fcp-indi/data/Projects/RocklandSample/RawData/A00059428/nfb_3/dmn_fb_anat_defaced/dmn_fb_anat_defaced.nii.gz,A00059428
https://s3.amazonaws.com/fcp-indi/data/Projects/RocklandSample/RawData/A00059756/nfb_3/dmn_fb_anat_defaced/dmn_fb_anat_defaced.nii.gz,A00059756
https://s3.amazonaws.com/fcp-indi/data/Projects/RocklandSample/RawData/A00059845/nfb_3/dmn_fb_anat_defaced/dmn_fb_anat_defaced.nii.gz,A00059845
https://s3.amazonaws.com/fcp-indi/data/Projects/RocklandSample/RawData/A00059911/nfb_3/dmn_fb_anat_defaced/dmn_fb_anat_defaced.nii.gz,A00059911
https://s3.amazonaws.com/fcp-indi/data/Projects/RocklandSample/RawData/A00060006/nfb_3/dmn_fb_anat_defaced/dmn_fb_anat_defaced.nii.gz,A00060006
https://s3.amazonaws.com/fcp-indi/data/Projects/RocklandSample/RawData/A00060169/nfb_3/dmn_fb_anat_defaced/dmn_fb_anat_defaced.nii.gz,A00060169
https://s3.amazonaws.com/fcp-indi/data/Projects/RocklandSample/RawData/A00060279/nfb_3/dmn_fb_anat_defaced/dmn_fb_anat_defaced.nii.gz,A00060279
https://s3.amazonaws.com/fcp-indi/data/Projects/RocklandSample/RawData/A00060372/nfb_3/dmn_fb_anat_defaced/dmn_fb_anat_defaced.nii.gz,A00060372
https://s3.amazonaws.com/fcp-indi/data/Projects/RocklandSample/RawData/A00060430/nfb_3/dmn_fb_anat_defaced/dmn_fb_anat_defaced.nii.gz,A00060430
https://s3.amazonaws.com/fcp-indi/data/Projects/RocklandSample/RawData/A00060471/nfb_3/dmn_fb_anat_defaced/dmn_fb_anat_defaced.nii.gz,A00060471
https://s3.amazonaws.com/fcp-indi/data/Projects/RocklandSample/RawData/A00060480/nfb_3/dmn_fb_anat_defaced/dmn_fb_anat_defaced.nii.gz,A00060480
https://s3.amazonaws.com/fcp-indi/data/Projects/RocklandSample/RawData/A00060516/nfb_3/dmn_fb_anat_defaced/dmn_fb_anat_defaced.nii.gz,A00060516
